{"S9-0602": {"trainId": "S9-0602", "direction": 1, "route": "190-189-188-187-186-128", "level": 0, "schedule": [{"stationId": 190, "departTime": "06:00:00", "arrivalTime": "05:56:26"}, {"stationId": 189, "departTime": "06:04:52", "arrivalTime": "06:04:27"}, {"stationId": 188, "departTime": "06:18:52", "arrivalTime": "06:18:27"}, {"stationId": 187, "departTime": "06:27:04", "arrivalTime": "06:26:39"}, {"stationId": 186, "departTime": "06:32:49", "arrivalTime": "06:32:24"}, {"stationId": 128, "departTime": "06:41:06", "arrivalTime": "06:40:21"}]}, "S9-0702": {"trainId": "S9-0702", "direction": 1, "route": "190-189-188-187-186-128", "level": 0, "schedule": [{"stationId": 190, "departTime": "06:12:06", "arrivalTime": "06:08:31"}, {"stationId": 189, "departTime": "06:16:58", "arrivalTime": "06:16:33"}, {"stationId": 188, "departTime": "06:30:58", "arrivalTime": "06:30:33"}, {"stationId": 187, "departTime": "06:39:10", "arrivalTime": "06:38:45"}, {"stationId": 186, "departTime": "06:44:55", "arrivalTime": "06:44:30"}, {"stationId": 128, "departTime": "06:53:12", "arrivalTime": "06:52:27"}]}, "S9-0802": {"trainId": "S9-0802", "direction": 1, "route": "190-189-188-187-186-128", "level": 0, "schedule": [{"stationId": 190, "departTime": "06:23:20", "arrivalTime": "06:20:25"}, {"stationId": 189, "departTime": "06:28:12", "arrivalTime": "06:27:47"}, {"stationId": 188, "departTime": "06:42:12", "arrivalTime": "06:41:47"}, {"stationId": 187, "departTime": "06:50:24", "arrivalTime": "06:49:59"}, {"stationId": 186, "departTime": "06:56:09", "arrivalTime": "06:55:44"}, {"stationId": 128, "departTime": "07:04:26", "arrivalTime": "07:03:41"}]}, "S9-0902": {"trainId": "S9-0902", "direction": 1, "route": "190-189-188-187-186-128", "level": 0, "schedule": [{"stationId": 190, "departTime": "06:34:38", "arrivalTime": "06:31:02"}, {"stationId": 189, "departTime": "06:39:30", "arrivalTime": "06:39:05"}, {"stationId": 188, "departTime": "06:53:30", "arrivalTime": "06:53:05"}, {"stationId": 187, "departTime": "07:01:42", "arrivalTime": "07:01:17"}, {"stationId": 186, "departTime": "07:07:27", "arrivalTime": "07:07:02"}, {"stationId": 128, "departTime": "07:15:44", "arrivalTime": "07:14:59"}]}, "S9-0803": {"trainId": "S9-0803", "direction": 0, "route": "128-186-187-188-189-190", "level": 0, "schedule": [{"stationId": 128, "departTime": "07:11:58", "arrivalTime": "07:07:42"}, {"stationId": 186, "departTime": "07:19:46", "arrivalTime": "07:19:21"}, {"stationId": 187, "departTime": "07:25:30", "arrivalTime": "07:25:05"}, {"stationId": 188, "departTime": "07:33:45", "arrivalTime": "07:33:20"}, {"stationId": 189, "departTime": "07:47:43", "arrivalTime": "07:47:18"}, {"stationId": 190, "departTime": "07:52:54", "arrivalTime": "07:52:09"}]}, "S9-0703": {"trainId": "S9-0703", "direction": 0, "route": "128-186-187-188-189-190", "level": 0, "schedule": [{"stationId": 128, "departTime": "06:59:35", "arrivalTime": "06:56:28"}, {"stationId": 186, "departTime": "07:07:23", "arrivalTime": "07:06:58"}, {"stationId": 187, "departTime": "07:13:07", "arrivalTime": "07:12:42"}, {"stationId": 188, "departTime": "07:21:22", "arrivalTime": "07:20:57"}, {"stationId": 189, "departTime": "07:35:20", "arrivalTime": "07:34:55"}, {"stationId": 190, "departTime": "07:40:31", "arrivalTime": "07:39:46"}]}, "S9-0603": {"trainId": "S9-0603", "direction": 0, "route": "128-186-187-188-189-190", "level": 0, "schedule": [{"stationId": 128, "departTime": "06:47:40", "arrivalTime": "06:44:22"}, {"stationId": 186, "departTime": "06:55:28", "arrivalTime": "06:55:03"}, {"stationId": 187, "departTime": "07:01:12", "arrivalTime": "07:00:47"}, {"stationId": 188, "departTime": "07:09:27", "arrivalTime": "07:09:02"}, {"stationId": 189, "departTime": "07:23:25", "arrivalTime": "07:23:00"}, {"stationId": 190, "departTime": "07:28:36", "arrivalTime": "07:27:51"}]}, "S9-0503": {"trainId": "S9-0503", "direction": 0, "route": "128-186-187-188-189-190", "level": 0, "schedule": [{"stationId": 128, "departTime": "06:35:03", "arrivalTime": "06:33:20"}, {"stationId": 186, "departTime": "06:42:51", "arrivalTime": "06:42:26"}, {"stationId": 187, "departTime": "06:48:35", "arrivalTime": "06:48:10"}, {"stationId": 188, "departTime": "06:56:50", "arrivalTime": "06:56:25"}, {"stationId": 189, "departTime": "07:10:48", "arrivalTime": "07:10:23"}, {"stationId": 190, "departTime": "07:15:59", "arrivalTime": "07:15:14"}]}, "S9-0303": {"trainId": "S9-0303", "direction": 0, "route": "128-186-187-188-189-190", "level": 0, "schedule": [{"stationId": 128, "departTime": "06:23:50", "arrivalTime": "06:18:56"}, {"stationId": 186, "departTime": "06:31:38", "arrivalTime": "06:31:13"}, {"stationId": 187, "departTime": "06:37:22", "arrivalTime": "06:36:57"}, {"stationId": 188, "departTime": "06:45:37", "arrivalTime": "06:45:12"}, {"stationId": 189, "departTime": "06:59:35", "arrivalTime": "06:59:10"}, {"stationId": 190, "departTime": "07:04:46", "arrivalTime": "07:04:01"}]}, "S9-0103": {"trainId": "S9-0103", "direction": 0, "route": "128-186-187-188-189-190", "level": 0, "schedule": [{"stationId": 128, "departTime": "06:11:41", "arrivalTime": "06:04:24"}, {"stationId": 186, "departTime": "06:19:29", "arrivalTime": "06:19:04"}, {"stationId": 187, "departTime": "06:25:13", "arrivalTime": "06:24:48"}, {"stationId": 188, "departTime": "06:33:28", "arrivalTime": "06:33:03"}, {"stationId": 189, "departTime": "06:47:26", "arrivalTime": "06:47:01"}, {"stationId": 190, "departTime": "06:52:37", "arrivalTime": "06:51:52"}]}, "S9-0203": {"trainId": "S9-0203", "direction": 0, "route": "128-186-187-188-189-190", "level": 0, "schedule": [{"stationId": 128, "departTime": "06:00:00", "arrivalTime": "05:50:20"}, {"stationId": 186, "departTime": "06:07:48", "arrivalTime": "06:07:23"}, {"stationId": 187, "departTime": "06:13:32", "arrivalTime": "06:13:07"}, {"stationId": 188, "departTime": "06:21:47", "arrivalTime": "06:21:22"}, {"stationId": 189, "departTime": "06:35:45", "arrivalTime": "06:35:20"}, {"stationId": 190, "departTime": "06:40:56", "arrivalTime": "06:40:11"}]}, "S9-0204": {"trainId": "S9-0204", "direction": 1, "route": "190-189-188-187-186-128", "level": 0, "schedule": [{"stationId": 190, "departTime": "06:47:03", "arrivalTime": "06:42:58"}, {"stationId": 189, "departTime": "06:51:55", "arrivalTime": "06:51:30"}, {"stationId": 188, "departTime": "07:05:55", "arrivalTime": "07:05:30"}, {"stationId": 187, "departTime": "07:14:07", "arrivalTime": "07:13:42"}, {"stationId": 186, "departTime": "07:19:52", "arrivalTime": "07:19:27"}, {"stationId": 128, "departTime": "07:28:09", "arrivalTime": "07:27:24"}]}, "S9-0104": {"trainId": "S9-0104", "direction": 1, "route": "190-189-188-187-186-128", "level": 0, "schedule": [{"stationId": 190, "departTime": "06:59:35", "arrivalTime": "06:54:39"}, {"stationId": 189, "departTime": "07:04:27", "arrivalTime": "07:04:02"}, {"stationId": 188, "departTime": "07:18:27", "arrivalTime": "07:18:02"}, {"stationId": 187, "departTime": "07:26:39", "arrivalTime": "07:26:14"}, {"stationId": 186, "departTime": "07:32:24", "arrivalTime": "07:31:59"}, {"stationId": 128, "departTime": "07:40:41", "arrivalTime": "07:39:56"}]}, "S9-0304": {"trainId": "S9-0304", "direction": 1, "route": "190-189-188-187-186-128", "level": 0, "schedule": [{"stationId": 190, "departTime": "07:11:56", "arrivalTime": "07:06:48"}, {"stationId": 189, "departTime": "07:16:48", "arrivalTime": "07:16:23"}, {"stationId": 188, "departTime": "07:30:48", "arrivalTime": "07:30:23"}, {"stationId": 187, "departTime": "07:39:00", "arrivalTime": "07:38:35"}, {"stationId": 186, "departTime": "07:44:45", "arrivalTime": "07:44:20"}, {"stationId": 128, "departTime": "07:53:02", "arrivalTime": "07:52:17"}]}, "S9-0504": {"trainId": "S9-0504", "direction": 1, "route": "190-189-188-187-186-128", "level": 0, "schedule": [{"stationId": 190, "departTime": "07:22:10", "arrivalTime": "07:18:01"}, {"stationId": 189, "departTime": "07:27:02", "arrivalTime": "07:26:37"}, {"stationId": 188, "departTime": "07:41:02", "arrivalTime": "07:40:37"}, {"stationId": 187, "departTime": "07:49:14", "arrivalTime": "07:48:49"}, {"stationId": 186, "departTime": "07:54:59", "arrivalTime": "07:54:34"}, {"stationId": 128, "departTime": "08:03:16", "arrivalTime": "08:02:31"}]}, "S9-0604": {"trainId": "S9-0604", "direction": 1, "route": "190-189-188-187-186-128", "level": 0, "schedule": [{"stationId": 190, "departTime": "07:34:04", "arrivalTime": "07:30:38"}, {"stationId": 189, "departTime": "07:38:56", "arrivalTime": "07:38:31"}, {"stationId": 188, "departTime": "07:52:56", "arrivalTime": "07:52:31"}, {"stationId": 187, "departTime": "08:01:08", "arrivalTime": "08:00:43"}, {"stationId": 186, "departTime": "08:06:53", "arrivalTime": "08:06:28"}, {"stationId": 128, "departTime": "08:15:10", "arrivalTime": "08:14:25"}]}, "S9-0704": {"trainId": "S9-0704", "direction": 1, "route": "190-189-188-187-186-128", "level": 0, "schedule": [{"stationId": 190, "departTime": "07:46:29", "arrivalTime": "07:42:33"}, {"stationId": 189, "departTime": "07:51:21", "arrivalTime": "07:50:56"}, {"stationId": 188, "departTime": "08:05:21", "arrivalTime": "08:04:56"}, {"stationId": 187, "departTime": "08:13:33", "arrivalTime": "08:13:08"}, {"stationId": 186, "departTime": "08:19:18", "arrivalTime": "08:18:53"}, {"stationId": 128, "departTime": "08:27:35", "arrivalTime": "08:26:50"}]}, "S9-0804": {"trainId": "S9-0804", "direction": 1, "route": "190-189-188-187-186-128", "level": 0, "schedule": [{"stationId": 190, "departTime": "07:58:10", "arrivalTime": "07:54:56"}, {"stationId": 189, "departTime": "08:03:02", "arrivalTime": "08:02:37"}, {"stationId": 188, "departTime": "08:17:02", "arrivalTime": "08:16:37"}, {"stationId": 187, "departTime": "08:25:14", "arrivalTime": "08:24:49"}, {"stationId": 186, "departTime": "08:30:59", "arrivalTime": "08:30:34"}, {"stationId": 128, "departTime": "08:39:16", "arrivalTime": "08:38:31"}]}, "S9-0904": {"trainId": "S9-0904", "direction": 1, "route": "190-189-188-187-186-128", "level": 0, "schedule": [{"stationId": 190, "departTime": "08:11:08", "arrivalTime": "08:06:23"}, {"stationId": 189, "departTime": "08:16:00", "arrivalTime": "08:15:35"}, {"stationId": 188, "departTime": "08:30:00", "arrivalTime": "08:29:35"}, {"stationId": 187, "departTime": "08:38:12", "arrivalTime": "08:37:47"}, {"stationId": 186, "departTime": "08:43:57", "arrivalTime": "08:43:32"}, {"stationId": 128, "departTime": "08:52:14", "arrivalTime": "08:51:29"}]}, "S9-0805": {"trainId": "S9-0805", "direction": 0, "route": "128-186-187-188-189-190", "level": 0, "schedule": [{"stationId": 128, "departTime": "08:45:21", "arrivalTime": "08:42:32"}, {"stationId": 186, "departTime": "08:53:09", "arrivalTime": "08:52:44"}, {"stationId": 187, "departTime": "08:58:53", "arrivalTime": "08:58:28"}, {"stationId": 188, "departTime": "09:07:08", "arrivalTime": "09:06:43"}, {"stationId": 189, "departTime": "09:21:06", "arrivalTime": "09:20:41"}, {"stationId": 190, "departTime": "09:26:17", "arrivalTime": "09:25:32"}]}, "S9-0705": {"trainId": "S9-0705", "direction": 0, "route": "128-186-187-188-189-190", "level": 0, "schedule": [{"stationId": 128, "departTime": "08:31:55", "arrivalTime": "08:30:51"}, {"stationId": 186, "departTime": "08:39:43", "arrivalTime": "08:39:18"}, {"stationId": 187, "departTime": "08:45:27", "arrivalTime": "08:45:02"}, {"stationId": 188, "departTime": "08:53:42", "arrivalTime": "08:53:17"}, {"stationId": 189, "departTime": "09:07:40", "arrivalTime": "09:07:15"}, {"stationId": 190, "departTime": "09:12:51", "arrivalTime": "09:12:06"}]}, "S9-0605": {"trainId": "S9-0605", "direction": 0, "route": "128-186-187-188-189-190", "level": 0, "schedule": [{"stationId": 128, "departTime": "08:20:30", "arrivalTime": "08:18:26"}, {"stationId": 186, "departTime": "08:28:18", "arrivalTime": "08:27:53"}, {"stationId": 187, "departTime": "08:34:02", "arrivalTime": "08:33:37"}, {"stationId": 188, "departTime": "08:42:17", "arrivalTime": "08:41:52"}, {"stationId": 189, "departTime": "08:56:15", "arrivalTime": "08:55:50"}, {"stationId": 190, "departTime": "09:01:26", "arrivalTime": "09:00:41"}]}, "S9-0505": {"trainId": "S9-0505", "direction": 0, "route": "128-186-187-188-189-190", "level": 0, "schedule": [{"stationId": 128, "departTime": "08:08:46", "arrivalTime": "08:06:32"}, {"stationId": 186, "departTime": "08:16:34", "arrivalTime": "08:16:09"}, {"stationId": 187, "departTime": "08:22:18", "arrivalTime": "08:21:53"}, {"stationId": 188, "departTime": "08:30:33", "arrivalTime": "08:30:08"}, {"stationId": 189, "departTime": "08:44:31", "arrivalTime": "08:44:06"}, {"stationId": 190, "departTime": "08:49:42", "arrivalTime": "08:48:57"}]}, "S9-0305": {"trainId": "S9-0305", "direction": 0, "route": "128-186-187-188-189-190", "level": 0, "schedule": [{"stationId": 128, "departTime": "07:58:04", "arrivalTime": "07:56:18"}, {"stationId": 186, "departTime": "08:05:52", "arrivalTime": "08:05:27"}, {"stationId": 187, "departTime": "08:11:36", "arrivalTime": "08:11:11"}, {"stationId": 188, "departTime": "08:19:51", "arrivalTime": "08:19:26"}, {"stationId": 189, "departTime": "08:33:49", "arrivalTime": "08:33:24"}, {"stationId": 190, "departTime": "08:39:00", "arrivalTime": "08:38:15"}]}, "S9-0105": {"trainId": "S9-0105", "direction": 0, "route": "128-186-187-188-189-190", "level": 0, "schedule": [{"stationId": 128, "departTime": "07:47:03", "arrivalTime": "07:43:57"}, {"stationId": 186, "departTime": "07:54:51", "arrivalTime": "07:54:26"}, {"stationId": 187, "departTime": "08:00:35", "arrivalTime": "08:00:10"}, {"stationId": 188, "departTime": "08:08:50", "arrivalTime": "08:08:25"}, {"stationId": 189, "departTime": "08:22:48", "arrivalTime": "08:22:23"}, {"stationId": 190, "departTime": "08:27:59", "arrivalTime": "08:27:14"}]}, "S9-0205": {"trainId": "S9-0205", "direction": 0, "route": "128-186-187-188-189-190", "level": 0, "schedule": [{"stationId": 128, "departTime": "07:34:15", "arrivalTime": "07:31:25"}, {"stationId": 186, "departTime": "07:42:03", "arrivalTime": "07:41:38"}, {"stationId": 187, "departTime": "07:47:47", "arrivalTime": "07:47:22"}, {"stationId": 188, "departTime": "07:56:02", "arrivalTime": "07:55:37"}, {"stationId": 189, "departTime": "08:10:00", "arrivalTime": "08:09:35"}, {"stationId": 190, "departTime": "08:15:11", "arrivalTime": "08:14:26"}]}, "S9-0903": {"trainId": "S9-0903", "direction": 0, "route": "128-186-187-188-189-190", "level": 0, "schedule": [{"stationId": 128, "departTime": "07:23:25", "arrivalTime": "07:19:00"}, {"stationId": 186, "departTime": "07:31:13", "arrivalTime": "07:30:48"}, {"stationId": 187, "departTime": "07:36:57", "arrivalTime": "07:36:32"}, {"stationId": 188, "departTime": "07:45:12", "arrivalTime": "07:44:47"}, {"stationId": 189, "departTime": "07:59:10", "arrivalTime": "07:58:45"}, {"stationId": 190, "departTime": "08:04:21", "arrivalTime": "08:03:36"}]}, "S9-0206": {"trainId": "S9-0206", "direction": 1, "route": "190-189-188-187-186-128", "level": 0, "schedule": [{"stationId": 190, "departTime": "08:22:22", "arrivalTime": "08:17:13"}, {"stationId": 189, "departTime": "08:27:14", "arrivalTime": "08:26:49"}, {"stationId": 188, "departTime": "08:41:14", "arrivalTime": "08:40:49"}, {"stationId": 187, "departTime": "08:49:26", "arrivalTime": "08:49:01"}, {"stationId": 186, "departTime": "08:55:11", "arrivalTime": "08:54:46"}, {"stationId": 128, "departTime": "09:03:28", "arrivalTime": "09:02:43"}]}, "S9-0106": {"trainId": "S9-0106", "direction": 1, "route": "190-189-188-187-186-128", "level": 0, "schedule": [{"stationId": 190, "departTime": "08:33:33", "arrivalTime": "08:30:01"}, {"stationId": 189, "departTime": "08:38:25", "arrivalTime": "08:38:00"}, {"stationId": 188, "departTime": "08:52:25", "arrivalTime": "08:52:00"}, {"stationId": 187, "departTime": "09:00:37", "arrivalTime": "09:00:12"}, {"stationId": 186, "departTime": "09:06:22", "arrivalTime": "09:05:57"}, {"stationId": 128, "departTime": "09:14:39", "arrivalTime": "09:13:54"}]}, "S9-0306": {"trainId": "S9-0306", "direction": 1, "route": "190-189-188-187-186-128", "level": 0, "schedule": [{"stationId": 190, "departTime": "08:45:54", "arrivalTime": "08:41:02"}, {"stationId": 189, "departTime": "08:50:46", "arrivalTime": "08:50:21"}, {"stationId": 188, "departTime": "09:04:46", "arrivalTime": "09:04:21"}, {"stationId": 187, "departTime": "09:12:58", "arrivalTime": "09:12:33"}, {"stationId": 186, "departTime": "09:18:43", "arrivalTime": "09:18:18"}, {"stationId": 128, "departTime": "09:27:00", "arrivalTime": "09:26:15"}]}, "S9-0506": {"trainId": "S9-0506", "direction": 1, "route": "190-189-188-187-186-128", "level": 0, "schedule": [{"stationId": 190, "departTime": "08:54:58", "arrivalTime": "08:51:44"}, {"stationId": 189, "departTime": "08:59:50", "arrivalTime": "08:59:25"}, {"stationId": 188, "departTime": "09:13:50", "arrivalTime": "09:13:25"}, {"stationId": 187, "departTime": "09:22:02", "arrivalTime": "09:21:37"}, {"stationId": 186, "departTime": "09:27:47", "arrivalTime": "09:27:22"}, {"stationId": 128, "departTime": "09:36:04", "arrivalTime": "09:35:19"}]}, "S9-0606": {"trainId": "S9-0606", "direction": 1, "route": "190-189-188-187-186-128", "level": 0, "schedule": [{"stationId": 190, "departTime": "09:04:54", "arrivalTime": "09:03:28"}, {"stationId": 189, "departTime": "09:09:46", "arrivalTime": "09:09:21"}, {"stationId": 188, "departTime": "09:23:46", "arrivalTime": "09:23:21"}, {"stationId": 187, "departTime": "09:31:58", "arrivalTime": "09:31:33"}, {"stationId": 186, "departTime": "09:37:43", "arrivalTime": "09:37:18"}, {"stationId": 128, "departTime": "09:46:00", "arrivalTime": "09:45:15"}]}, "S9-0706": {"trainId": "S9-0706", "direction": 1, "route": "190-189-188-187-186-128", "level": 0, "schedule": [{"stationId": 190, "departTime": "09:16:06", "arrivalTime": "09:14:53"}, {"stationId": 189, "departTime": "09:20:58", "arrivalTime": "09:20:33"}, {"stationId": 188, "departTime": "09:34:58", "arrivalTime": "09:34:33"}, {"stationId": 187, "departTime": "09:43:10", "arrivalTime": "09:42:45"}, {"stationId": 186, "departTime": "09:48:55", "arrivalTime": "09:48:30"}, {"stationId": 128, "departTime": "09:57:12", "arrivalTime": "09:56:27"}]}, "S9-1002": {"trainId": "S9-1002", "direction": 1, "route": "190-128", "level": 5, "schedule": [{"stationId": 190, "departTime": "09:24:59", "arrivalTime": "09:21:31"}, {"stationId": 189, "departTime": "09:29:26", "arrivalTime": "......"}, {"stationId": 188, "departTime": "09:43:01", "arrivalTime": "......"}, {"stationId": 187, "departTime": "09:50:48", "arrivalTime": "......"}, {"stationId": 186, "departTime": "09:56:08", "arrivalTime": "......"}, {"stationId": 128, "departTime": "10:04:25", "arrivalTime": "10:03:40"}]}, "S9-0806": {"trainId": "S9-0806", "direction": 1, "route": "190-189-188-187-186-128", "level": 0, "schedule": [{"stationId": 190, "departTime": "09:31:30", "arrivalTime": "09:28:19"}, {"stationId": 189, "departTime": "09:36:22", "arrivalTime": "09:35:57"}, {"stationId": 188, "departTime": "09:50:22", "arrivalTime": "09:49:57"}, {"stationId": 187, "departTime": "09:58:34", "arrivalTime": "09:58:09"}, {"stationId": 186, "departTime": "10:04:19", "arrivalTime": "10:03:54"}, {"stationId": 128, "departTime": "10:12:36", "arrivalTime": "10:11:51"}]}, "S9-1003": {"trainId": "S9-1003", "direction": 0, "route": "128-186-187-188-189-190", "level": 0, "schedule": [{"stationId": 128, "departTime": "10:12:58", "arrivalTime": "10:07:41"}, {"stationId": 186, "departTime": "10:20:46", "arrivalTime": "10:20:21"}, {"stationId": 187, "departTime": "10:26:30", "arrivalTime": "10:26:05"}, {"stationId": 188, "departTime": "10:34:45", "arrivalTime": "10:34:20"}, {"stationId": 189, "departTime": "10:48:43", "arrivalTime": "10:48:18"}, {"stationId": 190, "departTime": "10:53:54", "arrivalTime": "10:53:09"}]}, "S9-0707": {"trainId": "S9-0707", "direction": 0, "route": "128-186-187-188-189-190", "level": 0, "schedule": [{"stationId": 128, "departTime": "10:03:05", "arrivalTime": "10:00:28"}, {"stationId": 186, "departTime": "10:10:53", "arrivalTime": "10:10:28"}, {"stationId": 187, "departTime": "10:16:37", "arrivalTime": "10:16:12"}, {"stationId": 188, "departTime": "10:24:52", "arrivalTime": "10:24:27"}, {"stationId": 189, "departTime": "10:38:50", "arrivalTime": "10:38:25"}, {"stationId": 190, "departTime": "10:44:01", "arrivalTime": "10:43:16"}]}, "S9-0607": {"trainId": "S9-0607", "direction": 0, "route": "128-190", "level": 5, "schedule": [{"stationId": 128, "departTime": "09:50:12", "arrivalTime": "09:49:16"}, {"stationId": 186, "departTime": "09:57:35", "arrivalTime": "......"}, {"stationId": 187, "departTime": "10:02:54", "arrivalTime": "......"}, {"stationId": 188, "departTime": "10:10:44", "arrivalTime": "......"}, {"stationId": 189, "departTime": "10:24:17", "arrivalTime": "......"}, {"stationId": 190, "departTime": "10:29:28", "arrivalTime": "10:28:43"}]}, "S9-0507": {"trainId": "S9-0507", "direction": 0, "route": "128-186-187-188-189-190", "level": 0, "schedule": [{"stationId": 128, "departTime": "09:46:25", "arrivalTime": "09:39:20"}, {"stationId": 186, "departTime": "09:54:13", "arrivalTime": "09:53:48"}, {"stationId": 187, "departTime": "09:59:57", "arrivalTime": "09:59:32"}, {"stationId": 188, "departTime": "10:08:12", "arrivalTime": "10:07:47"}, {"stationId": 189, "departTime": "10:22:10", "arrivalTime": "10:21:45"}, {"stationId": 190, "departTime": "10:27:21", "arrivalTime": "10:26:36"}]}, "S9-0307": {"trainId": "S9-0307", "direction": 0, "route": "128-186-187-188-189-190", "level": 0, "schedule": [{"stationId": 128, "departTime": "09:33:54", "arrivalTime": "09:30:16"}, {"stationId": 186, "departTime": "09:41:42", "arrivalTime": "09:41:17"}, {"stationId": 187, "departTime": "09:47:26", "arrivalTime": "09:47:01"}, {"stationId": 188, "departTime": "09:55:41", "arrivalTime": "09:55:16"}, {"stationId": 189, "departTime": "10:09:39", "arrivalTime": "10:09:14"}, {"stationId": 190, "departTime": "10:14:50", "arrivalTime": "10:14:05"}]}, "S9-0107": {"trainId": "S9-0107", "direction": 0, "route": "128-186-187-188-189-190", "level": 0, "schedule": [{"stationId": 128, "departTime": "09:22:35", "arrivalTime": "09:17:55"}, {"stationId": 186, "departTime": "09:30:23", "arrivalTime": "09:29:58"}, {"stationId": 187, "departTime": "09:36:07", "arrivalTime": "09:35:42"}, {"stationId": 188, "departTime": "09:44:22", "arrivalTime": "09:43:57"}, {"stationId": 189, "departTime": "09:58:20", "arrivalTime": "09:57:55"}, {"stationId": 190, "departTime": "10:03:31", "arrivalTime": "10:02:46"}]}, "S9-0207": {"trainId": "S9-0207", "direction": 0, "route": "128-186-187-188-189-190", "level": 0, "schedule": [{"stationId": 128, "departTime": "09:12:04", "arrivalTime": "09:06:44"}, {"stationId": 186, "departTime": "09:19:52", "arrivalTime": "09:19:27"}, {"stationId": 187, "departTime": "09:25:36", "arrivalTime": "09:25:11"}, {"stationId": 188, "departTime": "09:33:51", "arrivalTime": "09:33:26"}, {"stationId": 189, "departTime": "09:47:49", "arrivalTime": "09:47:24"}, {"stationId": 190, "departTime": "09:53:00", "arrivalTime": "09:52:15"}]}, "S9-0905": {"trainId": "S9-0905", "direction": 0, "route": "128-186-187-188-189-190", "level": 0, "schedule": [{"stationId": 128, "departTime": "08:58:15", "arrivalTime": "08:55:30"}, {"stationId": 186, "departTime": "09:06:03", "arrivalTime": "09:05:38"}, {"stationId": 187, "departTime": "09:11:47", "arrivalTime": "09:11:22"}, {"stationId": 188, "departTime": "09:20:02", "arrivalTime": "09:19:37"}, {"stationId": 189, "departTime": "09:34:00", "arrivalTime": "09:33:35"}, {"stationId": 190, "departTime": "09:39:11", "arrivalTime": "09:38:26"}]}, "S9-0906": {"trainId": "S9-0906", "direction": 1, "route": "190-189-188-187-186-128", "level": 0, "schedule": [{"stationId": 190, "departTime": "09:42:50", "arrivalTime": "09:41:13"}, {"stationId": 189, "departTime": "09:47:42", "arrivalTime": "09:47:17"}, {"stationId": 188, "departTime": "10:01:42", "arrivalTime": "10:01:17"}, {"stationId": 187, "departTime": "10:09:54", "arrivalTime": "10:09:29"}, {"stationId": 186, "departTime": "10:15:39", "arrivalTime": "10:15:14"}, {"stationId": 128, "departTime": "10:23:56", "arrivalTime": "10:23:11"}]}, "S9-0208": {"trainId": "S9-0208", "direction": 1, "route": "190-189-188-187-186-128", "level": 0, "schedule": [{"stationId": 190, "departTime": "09:56:58", "arrivalTime": "09:55:02"}, {"stationId": 189, "departTime": "10:01:50", "arrivalTime": "10:01:25"}, {"stationId": 188, "departTime": "10:15:50", "arrivalTime": "10:15:25"}, {"stationId": 187, "departTime": "10:24:02", "arrivalTime": "10:23:37"}, {"stationId": 186, "departTime": "10:29:47", "arrivalTime": "10:29:22"}, {"stationId": 128, "departTime": "10:38:04", "arrivalTime": "10:37:19"}]}, "S9-0108": {"trainId": "S9-0108", "direction": 1, "route": "190-189-188-187-186-128", "level": 0, "schedule": [{"stationId": 190, "departTime": "10:10:26", "arrivalTime": "10:05:33"}, {"stationId": 189, "departTime": "10:15:18", "arrivalTime": "10:14:53"}, {"stationId": 188, "departTime": "10:29:18", "arrivalTime": "10:28:53"}, {"stationId": 187, "departTime": "10:37:30", "arrivalTime": "10:37:05"}, {"stationId": 186, "departTime": "10:43:15", "arrivalTime": "10:42:50"}, {"stationId": 128, "departTime": "10:51:32", "arrivalTime": "10:50:47"}]}, "S9-0308": {"trainId": "S9-0308", "direction": 1, "route": "190-189-188-187-186-128", "level": 0, "schedule": [{"stationId": 190, "departTime": "10:22:10", "arrivalTime": "10:16:52"}, {"stationId": 189, "departTime": "10:27:02", "arrivalTime": "10:26:37"}, {"stationId": 188, "departTime": "10:41:02", "arrivalTime": "10:40:37"}, {"stationId": 187, "departTime": "10:49:14", "arrivalTime": "10:48:49"}, {"stationId": 186, "departTime": "10:54:59", "arrivalTime": "10:54:34"}, {"stationId": 128, "departTime": "11:03:16", "arrivalTime": "11:02:31"}]}, "S9-0508": {"trainId": "S9-0508", "direction": 1, "route": "190-189-188-187-186-128", "level": 0, "schedule": [{"stationId": 190, "departTime": "10:35:36", "arrivalTime": "10:29:23"}, {"stationId": 189, "departTime": "10:40:28", "arrivalTime": "10:40:03"}, {"stationId": 188, "departTime": "10:54:28", "arrivalTime": "10:54:03"}, {"stationId": 187, "departTime": "11:02:40", "arrivalTime": "11:02:15"}, {"stationId": 186, "departTime": "11:08:25", "arrivalTime": "11:08:00"}, {"stationId": 128, "departTime": "11:16:42", "arrivalTime": "11:15:57"}]}, "S9-0708": {"trainId": "S9-0708", "direction": 1, "route": "190-189-188-187-186-128", "level": 0, "schedule": [{"stationId": 190, "departTime": "10:47:37", "arrivalTime": "10:46:03"}, {"stationId": 189, "departTime": "10:52:29", "arrivalTime": "10:52:04"}, {"stationId": 188, "departTime": "11:06:29", "arrivalTime": "11:06:04"}, {"stationId": 187, "departTime": "11:14:41", "arrivalTime": "11:14:16"}, {"stationId": 186, "departTime": "11:20:26", "arrivalTime": "11:20:01"}, {"stationId": 128, "departTime": "11:28:43", "arrivalTime": "11:27:58"}]}, "S9-1004": {"trainId": "S9-1004", "direction": 1, "route": "190-189-188-187-186-128", "level": 0, "schedule": [{"stationId": 190, "departTime": "10:57:34", "arrivalTime": "10:55:56"}, {"stationId": 189, "departTime": "11:02:26", "arrivalTime": "11:02:01"}, {"stationId": 188, "departTime": "11:16:26", "arrivalTime": "11:16:01"}, {"stationId": 187, "departTime": "11:24:38", "arrivalTime": "11:24:13"}, {"stationId": 186, "departTime": "11:30:23", "arrivalTime": "11:29:58"}, {"stationId": 128, "departTime": "11:38:40", "arrivalTime": "11:37:55"}]}, "S9-0808": {"trainId": "S9-0808", "direction": 1, "route": "190-189-188-187-186-128", "level": 0, "schedule": [{"stationId": 190, "departTime": "11:09:56", "arrivalTime": "11:07:10"}, {"stationId": 189, "departTime": "11:14:48", "arrivalTime": "11:14:23"}, {"stationId": 188, "departTime": "11:28:48", "arrivalTime": "11:28:23"}, {"stationId": 187, "departTime": "11:37:00", "arrivalTime": "11:36:35"}, {"stationId": 186, "departTime": "11:42:45", "arrivalTime": "11:42:20"}, {"stationId": 128, "departTime": "11:51:02", "arrivalTime": "11:50:17"}]}, "S9-1005": {"trainId": "S9-1005", "direction": 0, "route": "128-186-187-188-189-190", "level": 0, "schedule": [{"stationId": 128, "departTime": "11:46:48", "arrivalTime": "11:41:56"}, {"stationId": 186, "departTime": "11:54:36", "arrivalTime": "11:54:11"}, {"stationId": 187, "departTime": "12:00:20", "arrivalTime": "11:59:55"}, {"stationId": 188, "departTime": "12:08:35", "arrivalTime": "12:08:10"}, {"stationId": 189, "departTime": "12:22:33", "arrivalTime": "12:22:08"}, {"stationId": 190, "departTime": "12:27:44", "arrivalTime": "12:26:59"}]}, "S9-0709": {"trainId": "S9-0709", "direction": 0, "route": "128-186-187-188-189-190", "level": 0, "schedule": [{"stationId": 128, "departTime": "11:35:30", "arrivalTime": "11:31:59"}, {"stationId": 186, "departTime": "11:43:18", "arrivalTime": "11:42:53"}, {"stationId": 187, "departTime": "11:49:02", "arrivalTime": "11:48:37"}, {"stationId": 188, "departTime": "11:57:17", "arrivalTime": "11:56:52"}, {"stationId": 189, "departTime": "12:11:15", "arrivalTime": "12:10:50"}, {"stationId": 190, "departTime": "12:16:26", "arrivalTime": "12:15:41"}]}, "S9-0509": {"trainId": "S9-0509", "direction": 0, "route": "128-186-187-188-189-190", "level": 0, "schedule": [{"stationId": 128, "departTime": "11:24:00", "arrivalTime": "11:19:58"}, {"stationId": 186, "departTime": "11:31:48", "arrivalTime": "11:31:23"}, {"stationId": 187, "departTime": "11:37:32", "arrivalTime": "11:37:07"}, {"stationId": 188, "departTime": "11:45:47", "arrivalTime": "11:45:22"}, {"stationId": 189, "departTime": "11:59:45", "arrivalTime": "11:59:20"}, {"stationId": 190, "departTime": "12:04:56", "arrivalTime": "12:04:11"}]}, "S9-0309": {"trainId": "S9-0309", "direction": 0, "route": "128-186-187-188-189-190", "level": 0, "schedule": [{"stationId": 128, "departTime": "11:10:06", "arrivalTime": "11:06:32"}, {"stationId": 186, "departTime": "11:17:54", "arrivalTime": "11:17:29"}, {"stationId": 187, "departTime": "11:23:38", "arrivalTime": "11:23:13"}, {"stationId": 188, "departTime": "11:31:53", "arrivalTime": "11:31:28"}, {"stationId": 189, "departTime": "11:45:51", "arrivalTime": "11:45:26"}, {"stationId": 190, "departTime": "11:51:02", "arrivalTime": "11:50:17"}]}, "S9-0109": {"trainId": "S9-0109", "direction": 0, "route": "128-186-187-188-189-190", "level": 0, "schedule": [{"stationId": 128, "departTime": "10:57:55", "arrivalTime": "10:54:48"}, {"stationId": 186, "departTime": "11:05:43", "arrivalTime": "11:05:18"}, {"stationId": 187, "departTime": "11:11:27", "arrivalTime": "11:11:02"}, {"stationId": 188, "departTime": "11:19:42", "arrivalTime": "11:19:17"}, {"stationId": 189, "departTime": "11:33:40", "arrivalTime": "11:33:15"}, {"stationId": 190, "departTime": "11:38:51", "arrivalTime": "11:38:06"}]}, "S9-0209": {"trainId": "S9-0209", "direction": 0, "route": "128-186-187-188-189-190", "level": 0, "schedule": [{"stationId": 128, "departTime": "10:47:13", "arrivalTime": "10:41:20"}, {"stationId": 186, "departTime": "10:55:01", "arrivalTime": "10:54:36"}, {"stationId": 187, "departTime": "11:00:45", "arrivalTime": "11:00:20"}, {"stationId": 188, "departTime": "11:09:00", "arrivalTime": "11:08:35"}, {"stationId": 189, "departTime": "11:22:58", "arrivalTime": "11:22:33"}, {"stationId": 190, "departTime": "11:28:09", "arrivalTime": "11:27:24"}]}, "S9-0907": {"trainId": "S9-0907", "direction": 0, "route": "128-186-187-188-189-190", "level": 0, "schedule": [{"stationId": 128, "departTime": "10:36:07", "arrivalTime": "10:27:12"}, {"stationId": 186, "departTime": "10:43:55", "arrivalTime": "10:43:30"}, {"stationId": 187, "departTime": "10:49:39", "arrivalTime": "10:49:14"}, {"stationId": 188, "departTime": "10:57:54", "arrivalTime": "10:57:29"}, {"stationId": 189, "departTime": "11:11:52", "arrivalTime": "11:11:27"}, {"stationId": 190, "departTime": "11:17:03", "arrivalTime": "11:16:18"}]}, "S9-0807": {"trainId": "S9-0807", "direction": 0, "route": "128-186-187-188-189-190", "level": 0, "schedule": [{"stationId": 128, "departTime": "10:24:12", "arrivalTime": "10:15:52"}, {"stationId": 186, "departTime": "10:32:00", "arrivalTime": "10:31:35"}, {"stationId": 187, "departTime": "10:37:44", "arrivalTime": "10:37:19"}, {"stationId": 188, "departTime": "10:45:59", "arrivalTime": "10:45:34"}, {"stationId": 189, "departTime": "10:59:57", "arrivalTime": "10:59:32"}, {"stationId": 190, "departTime": "11:05:08", "arrivalTime": "11:04:23"}]}, "S9-0908": {"trainId": "S9-0908", "direction": 1, "route": "190-189-188-187-186-128", "level": 0, "schedule": [{"stationId": 190, "departTime": "11:21:07", "arrivalTime": "11:19:05"}, {"stationId": 189, "departTime": "11:25:59", "arrivalTime": "11:25:34"}, {"stationId": 188, "departTime": "11:39:59", "arrivalTime": "11:39:34"}, {"stationId": 187, "departTime": "11:48:11", "arrivalTime": "11:47:46"}, {"stationId": 186, "departTime": "11:53:56", "arrivalTime": "11:53:31"}, {"stationId": 128, "departTime": "12:02:13", "arrivalTime": "12:01:28"}]}, "S9-0210": {"trainId": "S9-0210", "direction": 1, "route": "190-189-188-187-186-128", "level": 0, "schedule": [{"stationId": 190, "departTime": "11:32:18", "arrivalTime": "11:30:11"}, {"stationId": 189, "departTime": "11:37:10", "arrivalTime": "11:36:45"}, {"stationId": 188, "departTime": "11:51:10", "arrivalTime": "11:50:45"}, {"stationId": 187, "departTime": "11:59:22", "arrivalTime": "11:58:57"}, {"stationId": 186, "departTime": "12:05:07", "arrivalTime": "12:04:42"}, {"stationId": 128, "departTime": "12:13:24", "arrivalTime": "12:12:39"}]}, "S9-0110": {"trainId": "S9-0110", "direction": 1, "route": "190-189-188-187-186-128", "level": 0, "schedule": [{"stationId": 190, "departTime": "11:44:50", "arrivalTime": "11:40:53"}, {"stationId": 189, "departTime": "11:49:42", "arrivalTime": "11:49:17"}, {"stationId": 188, "departTime": "12:03:42", "arrivalTime": "12:03:17"}, {"stationId": 187, "departTime": "12:11:54", "arrivalTime": "12:11:29"}, {"stationId": 186, "departTime": "12:17:39", "arrivalTime": "12:17:14"}, {"stationId": 128, "departTime": "12:25:56", "arrivalTime": "12:25:11"}]}, "S9-0310": {"trainId": "S9-0310", "direction": 1, "route": "190-189-188-187-186-128", "level": 0, "schedule": [{"stationId": 190, "departTime": "11:57:30", "arrivalTime": "11:53:04"}, {"stationId": 189, "departTime": "12:02:22", "arrivalTime": "12:01:57"}, {"stationId": 188, "departTime": "12:16:22", "arrivalTime": "12:15:57"}, {"stationId": 187, "departTime": "12:24:34", "arrivalTime": "12:24:09"}, {"stationId": 186, "departTime": "12:30:19", "arrivalTime": "12:29:54"}, {"stationId": 128, "departTime": "12:38:36", "arrivalTime": "12:37:51"}]}, "S9-0510": {"trainId": "S9-0510", "direction": 1, "route": "190-189-188-187-186-128", "level": 0, "schedule": [{"stationId": 190, "departTime": "12:09:36", "arrivalTime": "12:06:58"}, {"stationId": 189, "departTime": "12:14:28", "arrivalTime": "12:14:03"}, {"stationId": 188, "departTime": "12:28:28", "arrivalTime": "12:28:03"}, {"stationId": 187, "departTime": "12:36:40", "arrivalTime": "12:36:15"}, {"stationId": 186, "departTime": "12:42:25", "arrivalTime": "12:42:00"}, {"stationId": 128, "departTime": "12:50:42", "arrivalTime": "12:49:57"}]}, "S9-0710": {"trainId": "S9-0710", "direction": 1, "route": "190-189-188-187-186-128", "level": 0, "schedule": [{"stationId": 190, "departTime": "12:20:43", "arrivalTime": "12:18:28"}, {"stationId": 189, "departTime": "12:25:35", "arrivalTime": "12:25:10"}, {"stationId": 188, "departTime": "12:39:35", "arrivalTime": "12:39:10"}, {"stationId": 187, "departTime": "12:47:47", "arrivalTime": "12:47:22"}, {"stationId": 186, "departTime": "12:53:32", "arrivalTime": "12:53:07"}, {"stationId": 128, "departTime": "13:01:49", "arrivalTime": "13:01:04"}]}, "S9-1006": {"trainId": "S9-1006", "direction": 1, "route": "190-189-188-187-186-128", "level": 0, "schedule": [{"stationId": 190, "departTime": "12:31:53", "arrivalTime": "12:29:46"}, {"stationId": 189, "departTime": "12:36:45", "arrivalTime": "12:36:20"}, {"stationId": 188, "departTime": "12:50:45", "arrivalTime": "12:50:20"}, {"stationId": 187, "departTime": "12:58:57", "arrivalTime": "12:58:32"}, {"stationId": 186, "departTime": "13:04:42", "arrivalTime": "13:04:17"}, {"stationId": 128, "departTime": "13:12:59", "arrivalTime": "13:12:14"}]}, "S9-0810": {"trainId": "S9-0810", "direction": 1, "route": "190-189-188-187-186-128", "level": 0, "schedule": [{"stationId": 190, "departTime": "12:44:32", "arrivalTime": "12:40:28"}, {"stationId": 189, "departTime": "12:49:24", "arrivalTime": "12:48:59"}, {"stationId": 188, "departTime": "13:03:24", "arrivalTime": "13:02:59"}, {"stationId": 187, "departTime": "13:11:36", "arrivalTime": "13:11:11"}, {"stationId": 186, "departTime": "13:17:21", "arrivalTime": "13:16:56"}, {"stationId": 128, "departTime": "13:25:38", "arrivalTime": "13:24:53"}]}, "S9-1007": {"trainId": "S9-1007", "direction": 0, "route": "128-186-187-188-189-190", "level": 0, "schedule": [{"stationId": 128, "departTime": "13:21:50", "arrivalTime": "13:16:15"}, {"stationId": 186, "departTime": "13:29:38", "arrivalTime": "13:29:13"}, {"stationId": 187, "departTime": "13:35:22", "arrivalTime": "13:34:57"}, {"stationId": 188, "departTime": "13:43:37", "arrivalTime": "13:43:12"}, {"stationId": 189, "departTime": "13:57:35", "arrivalTime": "13:57:10"}, {"stationId": 190, "departTime": "14:02:46", "arrivalTime": "14:02:01"}]}, "S9-0711": {"trainId": "S9-0711", "direction": 0, "route": "128-186-187-188-189-190", "level": 0, "schedule": [{"stationId": 128, "departTime": "13:09:00", "arrivalTime": "13:05:05"}, {"stationId": 186, "departTime": "13:16:48", "arrivalTime": "13:16:23"}, {"stationId": 187, "departTime": "13:22:32", "arrivalTime": "13:22:07"}, {"stationId": 188, "departTime": "13:30:47", "arrivalTime": "13:30:22"}, {"stationId": 189, "departTime": "13:44:45", "arrivalTime": "13:44:20"}, {"stationId": 190, "departTime": "13:49:56", "arrivalTime": "13:49:11"}]}, "S9-0511": {"trainId": "S9-0511", "direction": 0, "route": "128-186-187-188-189-190", "level": 0, "schedule": [{"stationId": 128, "departTime": "12:57:05", "arrivalTime": "12:53:58"}, {"stationId": 186, "departTime": "13:04:53", "arrivalTime": "13:04:28"}, {"stationId": 187, "departTime": "13:10:37", "arrivalTime": "13:10:12"}, {"stationId": 188, "departTime": "13:18:52", "arrivalTime": "13:18:27"}, {"stationId": 189, "departTime": "13:32:50", "arrivalTime": "13:32:25"}, {"stationId": 190, "departTime": "13:38:01", "arrivalTime": "13:37:16"}]}, "S9-0311": {"trainId": "S9-0311", "direction": 0, "route": "128-186-187-188-189-190", "level": 0, "schedule": [{"stationId": 128, "departTime": "12:45:34", "arrivalTime": "12:41:52"}, {"stationId": 186, "departTime": "12:53:22", "arrivalTime": "12:52:57"}, {"stationId": 187, "departTime": "12:59:06", "arrivalTime": "12:58:41"}, {"stationId": 188, "departTime": "13:07:21", "arrivalTime": "13:06:56"}, {"stationId": 189, "departTime": "13:21:19", "arrivalTime": "13:20:54"}, {"stationId": 190, "departTime": "13:26:30", "arrivalTime": "13:25:45"}]}, "S9-0111": {"trainId": "S9-0111", "direction": 0, "route": "128-186-187-188-189-190", "level": 0, "schedule": [{"stationId": 128, "departTime": "12:34:46", "arrivalTime": "12:29:12"}, {"stationId": 186, "departTime": "12:42:34", "arrivalTime": "12:42:09"}, {"stationId": 187, "departTime": "12:48:18", "arrivalTime": "12:47:53"}, {"stationId": 188, "departTime": "12:56:33", "arrivalTime": "12:56:08"}, {"stationId": 189, "departTime": "13:10:31", "arrivalTime": "13:10:06"}, {"stationId": 190, "departTime": "13:15:42", "arrivalTime": "13:14:57"}]}, "S9-0211": {"trainId": "S9-0211", "direction": 0, "route": "128-186-187-188-189-190", "level": 0, "schedule": [{"stationId": 128, "departTime": "12:22:02", "arrivalTime": "12:16:40"}, {"stationId": 186, "departTime": "12:29:50", "arrivalTime": "12:29:25"}, {"stationId": 187, "departTime": "12:35:34", "arrivalTime": "12:35:09"}, {"stationId": 188, "departTime": "12:43:49", "arrivalTime": "12:43:24"}, {"stationId": 189, "departTime": "12:57:47", "arrivalTime": "12:57:22"}, {"stationId": 190, "departTime": "13:02:58", "arrivalTime": "13:02:13"}]}, "S9-0909": {"trainId": "S9-0909", "direction": 0, "route": "128-186-187-188-189-190", "level": 0, "schedule": [{"stationId": 128, "departTime": "12:09:25", "arrivalTime": "12:05:29"}, {"stationId": 186, "departTime": "12:17:13", "arrivalTime": "12:16:48"}, {"stationId": 187, "departTime": "12:22:57", "arrivalTime": "12:22:32"}, {"stationId": 188, "departTime": "12:31:12", "arrivalTime": "12:30:47"}, {"stationId": 189, "departTime": "12:45:10", "arrivalTime": "12:44:45"}, {"stationId": 190, "departTime": "12:50:21", "arrivalTime": "12:49:36"}]}, "S9-0809": {"trainId": "S9-0809", "direction": 0, "route": "128-186-187-188-189-190", "level": 0, "schedule": [{"stationId": 128, "departTime": "11:57:30", "arrivalTime": "11:54:18"}, {"stationId": 186, "departTime": "12:05:18", "arrivalTime": "12:04:53"}, {"stationId": 187, "departTime": "12:11:02", "arrivalTime": "12:10:37"}, {"stationId": 188, "departTime": "12:19:17", "arrivalTime": "12:18:52"}, {"stationId": 189, "departTime": "12:33:15", "arrivalTime": "12:32:50"}, {"stationId": 190, "departTime": "12:38:26", "arrivalTime": "12:37:41"}]}, "S9-0910": {"trainId": "S9-0910", "direction": 1, "route": "190-189-188-187-186-128", "level": 0, "schedule": [{"stationId": 190, "departTime": "12:57:05", "arrivalTime": "12:52:23"}, {"stationId": 189, "departTime": "13:01:57", "arrivalTime": "13:01:32"}, {"stationId": 188, "departTime": "13:15:57", "arrivalTime": "13:15:32"}, {"stationId": 187, "departTime": "13:24:09", "arrivalTime": "13:23:44"}, {"stationId": 186, "departTime": "13:29:54", "arrivalTime": "13:29:29"}, {"stationId": 128, "departTime": "13:38:11", "arrivalTime": "13:37:26"}]}, "S9-0212": {"trainId": "S9-0212", "direction": 1, "route": "190-189-188-187-186-128", "level": 0, "schedule": [{"stationId": 190, "departTime": "13:09:00", "arrivalTime": "13:05:00"}, {"stationId": 189, "departTime": "13:13:52", "arrivalTime": "13:13:27"}, {"stationId": 188, "departTime": "13:27:52", "arrivalTime": "13:27:27"}, {"stationId": 187, "departTime": "13:36:04", "arrivalTime": "13:35:39"}, {"stationId": 186, "departTime": "13:41:49", "arrivalTime": "13:41:24"}, {"stationId": 128, "departTime": "13:50:06", "arrivalTime": "13:49:21"}]}, "S9-0112": {"trainId": "S9-0112", "direction": 1, "route": "190-189-188-187-186-128", "level": 0, "schedule": [{"stationId": 190, "departTime": "13:19:19", "arrivalTime": "13:17:44"}, {"stationId": 189, "departTime": "13:24:11", "arrivalTime": "13:23:46"}, {"stationId": 188, "departTime": "13:38:11", "arrivalTime": "13:37:46"}, {"stationId": 187, "departTime": "13:46:23", "arrivalTime": "13:45:58"}, {"stationId": 186, "departTime": "13:52:08", "arrivalTime": "13:51:43"}, {"stationId": 128, "departTime": "14:00:25", "arrivalTime": "13:59:40"}]}, "S9-0312": {"trainId": "S9-0312", "direction": 1, "route": "190-189-188-187-186-128", "level": 0, "schedule": [{"stationId": 190, "departTime": "13:31:05", "arrivalTime": "13:28:32"}, {"stationId": 189, "departTime": "13:35:57", "arrivalTime": "13:35:32"}, {"stationId": 188, "departTime": "13:49:57", "arrivalTime": "13:49:32"}, {"stationId": 187, "departTime": "13:58:09", "arrivalTime": "13:57:44"}, {"stationId": 186, "departTime": "14:03:54", "arrivalTime": "14:03:29"}, {"stationId": 128, "departTime": "14:12:11", "arrivalTime": "14:11:26"}]}, "S9-0512": {"trainId": "S9-0512", "direction": 1, "route": "190-189-188-187-186-128", "level": 0, "schedule": [{"stationId": 190, "departTime": "13:44:00", "arrivalTime": "13:40:03"}, {"stationId": 189, "departTime": "13:48:52", "arrivalTime": "13:48:27"}, {"stationId": 188, "departTime": "14:02:52", "arrivalTime": "14:02:27"}, {"stationId": 187, "departTime": "14:11:04", "arrivalTime": "14:10:39"}, {"stationId": 186, "departTime": "14:16:49", "arrivalTime": "14:16:24"}, {"stationId": 128, "departTime": "14:25:06", "arrivalTime": "14:24:21"}]}, "S9-0712": {"trainId": "S9-0712", "direction": 1, "route": "190-189-188-187-186-128", "level": 0, "schedule": [{"stationId": 190, "departTime": "13:56:40", "arrivalTime": "13:51:58"}, {"stationId": 189, "departTime": "14:01:32", "arrivalTime": "14:01:07"}, {"stationId": 188, "departTime": "14:15:32", "arrivalTime": "14:15:07"}, {"stationId": 187, "departTime": "14:23:44", "arrivalTime": "14:23:19"}, {"stationId": 186, "departTime": "14:29:29", "arrivalTime": "14:29:04"}, {"stationId": 128, "departTime": "14:37:46", "arrivalTime": "14:37:01"}]}, "S9-1008": {"trainId": "S9-1008", "direction": 1, "route": "190-189-188-187-186-128", "level": 0, "schedule": [{"stationId": 190, "departTime": "14:08:35", "arrivalTime": "14:04:48"}, {"stationId": 189, "departTime": "14:13:27", "arrivalTime": "14:13:02"}, {"stationId": 188, "departTime": "14:27:27", "arrivalTime": "14:27:02"}, {"stationId": 187, "departTime": "14:35:39", "arrivalTime": "14:35:14"}, {"stationId": 186, "departTime": "14:41:24", "arrivalTime": "14:40:59"}, {"stationId": 128, "departTime": "14:49:41", "arrivalTime": "14:48:56"}]}, "S9-0812": {"trainId": "S9-0812", "direction": 1, "route": "190-189-188-187-186-128", "level": 0, "schedule": [{"stationId": 190, "departTime": "14:19:45", "arrivalTime": "14:17:25"}, {"stationId": 189, "departTime": "14:24:37", "arrivalTime": "14:24:12"}, {"stationId": 188, "departTime": "14:38:37", "arrivalTime": "14:38:12"}, {"stationId": 187, "departTime": "14:46:49", "arrivalTime": "14:46:24"}, {"stationId": 186, "departTime": "14:52:34", "arrivalTime": "14:52:09"}, {"stationId": 128, "departTime": "15:00:51", "arrivalTime": "15:00:06"}]}, "S9-1009": {"trainId": "S9-1009", "direction": 0, "route": "128-186-187-188-189-190", "level": 0, "schedule": [{"stationId": 128, "departTime": "14:55:45", "arrivalTime": "14:52:57"}, {"stationId": 186, "departTime": "15:03:33", "arrivalTime": "15:03:08"}, {"stationId": 187, "departTime": "15:09:17", "arrivalTime": "15:08:52"}, {"stationId": 188, "departTime": "15:17:32", "arrivalTime": "15:17:07"}, {"stationId": 189, "departTime": "15:31:30", "arrivalTime": "15:31:05"}, {"stationId": 190, "departTime": "15:36:41", "arrivalTime": "15:35:56"}]}, "S9-0713": {"trainId": "S9-0713", "direction": 0, "route": "128-186-187-188-189-190", "level": 0, "schedule": [{"stationId": 128, "departTime": "14:42:50", "arrivalTime": "14:41:02"}, {"stationId": 186, "departTime": "14:50:38", "arrivalTime": "14:50:13"}, {"stationId": 187, "departTime": "14:56:22", "arrivalTime": "14:55:57"}, {"stationId": 188, "departTime": "15:04:37", "arrivalTime": "15:04:12"}, {"stationId": 189, "departTime": "15:18:35", "arrivalTime": "15:18:10"}, {"stationId": 190, "departTime": "15:23:46", "arrivalTime": "15:23:01"}]}, "S9-0513": {"trainId": "S9-0513", "direction": 0, "route": "128-186-187-188-189-190", "level": 0, "schedule": [{"stationId": 128, "departTime": "14:29:55", "arrivalTime": "14:28:22"}, {"stationId": 186, "departTime": "14:37:43", "arrivalTime": "14:37:18"}, {"stationId": 187, "departTime": "14:43:27", "arrivalTime": "14:43:02"}, {"stationId": 188, "departTime": "14:51:42", "arrivalTime": "14:51:17"}, {"stationId": 189, "departTime": "15:05:40", "arrivalTime": "15:05:15"}, {"stationId": 190, "departTime": "15:10:51", "arrivalTime": "15:10:06"}]}, "S9-0313": {"trainId": "S9-0313", "direction": 0, "route": "128-186-187-188-189-190", "level": 0, "schedule": [{"stationId": 128, "departTime": "14:17:00", "arrivalTime": "14:15:27"}, {"stationId": 186, "departTime": "14:24:48", "arrivalTime": "14:24:23"}, {"stationId": 187, "departTime": "14:30:32", "arrivalTime": "14:30:07"}, {"stationId": 188, "departTime": "14:38:47", "arrivalTime": "14:38:22"}, {"stationId": 189, "departTime": "14:52:45", "arrivalTime": "14:52:20"}, {"stationId": 190, "departTime": "14:57:56", "arrivalTime": "14:57:11"}]}, "S9-0113": {"trainId": "S9-0113", "direction": 0, "route": "128-186-187-188-189-190", "level": 0, "schedule": [{"stationId": 128, "departTime": "14:04:49", "arrivalTime": "14:03:41"}, {"stationId": 186, "departTime": "14:12:37", "arrivalTime": "14:12:12"}, {"stationId": 187, "departTime": "14:18:21", "arrivalTime": "14:17:56"}, {"stationId": 188, "departTime": "14:26:36", "arrivalTime": "14:26:11"}, {"stationId": 189, "departTime": "14:40:34", "arrivalTime": "14:40:09"}, {"stationId": 190, "departTime": "14:45:45", "arrivalTime": "14:45:00"}]}, "S9-0213": {"trainId": "S9-0213", "direction": 0, "route": "128-186-187-188-189-190", "level": 0, "schedule": [{"stationId": 128, "departTime": "13:55:19", "arrivalTime": "13:53:22"}, {"stationId": 186, "departTime": "14:03:07", "arrivalTime": "14:02:42"}, {"stationId": 187, "departTime": "14:08:51", "arrivalTime": "14:08:26"}, {"stationId": 188, "departTime": "14:17:06", "arrivalTime": "14:16:41"}, {"stationId": 189, "departTime": "14:31:04", "arrivalTime": "14:30:39"}, {"stationId": 190, "departTime": "14:36:15", "arrivalTime": "14:35:30"}]}, "S9-0911": {"trainId": "S9-0911", "direction": 0, "route": "128-186-187-188-189-190", "level": 0, "schedule": [{"stationId": 128, "departTime": "13:45:27", "arrivalTime": "13:41:27"}, {"stationId": 186, "departTime": "13:53:15", "arrivalTime": "13:52:50"}, {"stationId": 187, "departTime": "13:58:59", "arrivalTime": "13:58:34"}, {"stationId": 188, "departTime": "14:07:14", "arrivalTime": "14:06:49"}, {"stationId": 189, "departTime": "14:21:12", "arrivalTime": "14:20:47"}, {"stationId": 190, "departTime": "14:26:23", "arrivalTime": "14:25:38"}]}, "S9-0811": {"trainId": "S9-0811", "direction": 0, "route": "128-186-187-188-189-190", "level": 0, "schedule": [{"stationId": 128, "departTime": "13:34:27", "arrivalTime": "13:28:54"}, {"stationId": 186, "departTime": "13:42:15", "arrivalTime": "13:41:50"}, {"stationId": 187, "departTime": "13:47:59", "arrivalTime": "13:47:34"}, {"stationId": 188, "departTime": "13:56:14", "arrivalTime": "13:55:49"}, {"stationId": 189, "departTime": "14:10:12", "arrivalTime": "14:09:47"}, {"stationId": 190, "departTime": "14:15:23", "arrivalTime": "14:14:38"}]}, "S9-0912": {"trainId": "S9-0912", "direction": 1, "route": "190-189-188-187-186-128", "level": 0, "schedule": [{"stationId": 190, "departTime": "14:29:56", "arrivalTime": "14:28:25"}, {"stationId": 189, "departTime": "14:34:48", "arrivalTime": "14:34:23"}, {"stationId": 188, "departTime": "14:48:48", "arrivalTime": "14:48:23"}, {"stationId": 187, "departTime": "14:57:00", "arrivalTime": "14:56:35"}, {"stationId": 186, "departTime": "15:02:45", "arrivalTime": "15:02:20"}, {"stationId": 128, "departTime": "15:11:02", "arrivalTime": "15:10:17"}]}, "S9-0214": {"trainId": "S9-0214", "direction": 1, "route": "190-189-188-187-186-128", "level": 0, "schedule": [{"stationId": 190, "departTime": "14:39:54", "arrivalTime": "14:38:17"}, {"stationId": 189, "departTime": "14:44:46", "arrivalTime": "14:44:21"}, {"stationId": 188, "departTime": "14:58:46", "arrivalTime": "14:58:21"}, {"stationId": 187, "departTime": "15:06:58", "arrivalTime": "15:06:33"}, {"stationId": 186, "departTime": "15:12:43", "arrivalTime": "15:12:18"}, {"stationId": 128, "departTime": "15:21:00", "arrivalTime": "15:20:15"}]}, "S9-0114": {"trainId": "S9-0114", "direction": 1, "route": "190-189-188-187-186-128", "level": 0, "schedule": [{"stationId": 190, "departTime": "14:51:15", "arrivalTime": "14:47:47"}, {"stationId": 189, "departTime": "14:56:07", "arrivalTime": "14:55:42"}, {"stationId": 188, "departTime": "15:10:07", "arrivalTime": "15:09:42"}, {"stationId": 187, "departTime": "15:18:19", "arrivalTime": "15:17:54"}, {"stationId": 186, "departTime": "15:24:04", "arrivalTime": "15:23:39"}, {"stationId": 128, "departTime": "15:32:21", "arrivalTime": "15:31:36"}]}, "S9-0314": {"trainId": "S9-0314", "direction": 1, "route": "190-189-188-187-186-128", "level": 0, "schedule": [{"stationId": 190, "departTime": "15:01:10", "arrivalTime": "14:59:58"}, {"stationId": 189, "departTime": "15:06:02", "arrivalTime": "15:05:37"}, {"stationId": 188, "departTime": "15:20:02", "arrivalTime": "15:19:37"}, {"stationId": 187, "departTime": "15:28:14", "arrivalTime": "15:27:49"}, {"stationId": 186, "departTime": "15:33:59", "arrivalTime": "15:33:34"}, {"stationId": 128, "departTime": "15:42:16", "arrivalTime": "15:41:31"}]}, "S9-1102": {"trainId": "S9-1102", "direction": 1, "route": "190-128", "level": 5, "schedule": [{"stationId": 190, "departTime": "15:11:29", "arrivalTime": "15:05:31"}, {"stationId": 189, "departTime": "15:15:56", "arrivalTime": "......"}, {"stationId": 188, "departTime": "15:29:31", "arrivalTime": "......"}, {"stationId": 187, "departTime": "15:37:18", "arrivalTime": "......"}, {"stationId": 186, "departTime": "15:42:38", "arrivalTime": "......"}, {"stationId": 128, "departTime": "15:50:55", "arrivalTime": "15:50:10"}]}, "S9-0514": {"trainId": "S9-0514", "direction": 1, "route": "190-189-188-187-186-128", "level": 0, "schedule": [{"stationId": 190, "departTime": "15:15:13", "arrivalTime": "15:12:53"}, {"stationId": 189, "departTime": "15:20:05", "arrivalTime": "15:19:40"}, {"stationId": 188, "departTime": "15:34:05", "arrivalTime": "15:33:40"}, {"stationId": 187, "departTime": "15:42:17", "arrivalTime": "15:41:52"}, {"stationId": 186, "departTime": "15:48:02", "arrivalTime": "15:47:37"}, {"stationId": 128, "departTime": "15:56:19", "arrivalTime": "15:55:34"}]}, "S9-0714": {"trainId": "S9-0714", "direction": 1, "route": "190-189-188-187-186-128", "level": 0, "schedule": [{"stationId": 190, "departTime": "15:29:15", "arrivalTime": "15:25:48"}, {"stationId": 189, "departTime": "15:34:07", "arrivalTime": "15:33:42"}, {"stationId": 188, "departTime": "15:48:07", "arrivalTime": "15:47:42"}, {"stationId": 187, "departTime": "15:56:19", "arrivalTime": "15:55:54"}, {"stationId": 186, "departTime": "16:02:04", "arrivalTime": "16:01:39"}, {"stationId": 128, "departTime": "16:10:21", "arrivalTime": "16:09:36"}]}, "S9-1010": {"trainId": "S9-1010", "direction": 1, "route": "190-189-188-187-186-128", "level": 0, "schedule": [{"stationId": 190, "departTime": "15:42:44", "arrivalTime": "15:38:43"}, {"stationId": 189, "departTime": "15:47:36", "arrivalTime": "15:47:11"}, {"stationId": 188, "departTime": "16:01:36", "arrivalTime": "16:01:11"}, {"stationId": 187, "departTime": "16:09:48", "arrivalTime": "16:09:23"}, {"stationId": 186, "departTime": "16:15:33", "arrivalTime": "16:15:08"}, {"stationId": 128, "departTime": "16:23:50", "arrivalTime": "16:23:05"}]}, "S9-0715": {"trainId": "S9-0715", "direction": 0, "route": "128-186-187-188-189-190", "level": 0, "schedule": [{"stationId": 128, "departTime": "16:20:35", "arrivalTime": "16:13:37"}, {"stationId": 186, "departTime": "16:28:23", "arrivalTime": "16:27:58"}, {"stationId": 187, "departTime": "16:34:07", "arrivalTime": "16:33:42"}, {"stationId": 188, "departTime": "16:42:22", "arrivalTime": "16:41:57"}, {"stationId": 189, "departTime": "16:56:20", "arrivalTime": "16:55:55"}, {"stationId": 190, "departTime": "17:01:31", "arrivalTime": "17:00:46"}]}, "S9-0515": {"trainId": "S9-0515", "direction": 0, "route": "128-186-187-188-189-190", "level": 0, "schedule": [{"stationId": 128, "departTime": "16:07:32", "arrivalTime": "15:59:35"}, {"stationId": 186, "departTime": "16:15:20", "arrivalTime": "16:14:55"}, {"stationId": 187, "departTime": "16:21:04", "arrivalTime": "16:20:39"}, {"stationId": 188, "departTime": "16:29:19", "arrivalTime": "16:28:54"}, {"stationId": 189, "departTime": "16:43:17", "arrivalTime": "16:42:52"}, {"stationId": 190, "departTime": "16:48:28", "arrivalTime": "16:47:43"}]}, "S9-1103": {"trainId": "S9-1103", "direction": 0, "route": "128-186-187-188-189-190", "level": 0, "schedule": [{"stationId": 128, "departTime": "15:56:33", "arrivalTime": "15:54:11"}, {"stationId": 186, "departTime": "16:04:21", "arrivalTime": "16:03:56"}, {"stationId": 187, "departTime": "16:10:05", "arrivalTime": "16:09:40"}, {"stationId": 188, "departTime": "16:18:20", "arrivalTime": "16:17:55"}, {"stationId": 189, "departTime": "16:32:18", "arrivalTime": "16:31:53"}, {"stationId": 190, "departTime": "16:37:29", "arrivalTime": "16:36:44"}]}, "S9-0315": {"trainId": "S9-0315", "direction": 0, "route": "128-186-187-188-189-190", "level": 0, "schedule": [{"stationId": 128, "departTime": "15:47:30", "arrivalTime": "15:45:32"}, {"stationId": 186, "departTime": "15:55:18", "arrivalTime": "15:54:53"}, {"stationId": 187, "departTime": "16:01:02", "arrivalTime": "16:00:37"}, {"stationId": 188, "departTime": "16:09:17", "arrivalTime": "16:08:52"}, {"stationId": 189, "departTime": "16:23:15", "arrivalTime": "16:22:50"}, {"stationId": 190, "departTime": "16:28:26", "arrivalTime": "16:27:41"}]}, "S9-0115": {"trainId": "S9-0115", "direction": 0, "route": "128-190", "level": 5, "schedule": [{"stationId": 128, "departTime": "15:36:53", "arrivalTime": "15:35:37"}, {"stationId": 186, "departTime": "15:44:16", "arrivalTime": "......"}, {"stationId": 187, "departTime": "15:49:35", "arrivalTime": "......"}, {"stationId": 188, "departTime": "15:57:25", "arrivalTime": "......"}, {"stationId": 189, "departTime": "16:10:58", "arrivalTime": "......"}, {"stationId": 190, "departTime": "16:16:09", "arrivalTime": "16:15:24"}]}, "S9-0215": {"trainId": "S9-0215", "direction": 0, "route": "128-186-187-188-189-190", "level": 0, "schedule": [{"stationId": 128, "departTime": "15:32:30", "arrivalTime": "15:24:16"}, {"stationId": 186, "departTime": "15:40:18", "arrivalTime": "15:39:53"}, {"stationId": 187, "departTime": "15:46:02", "arrivalTime": "15:45:37"}, {"stationId": 188, "departTime": "15:54:17", "arrivalTime": "15:53:52"}, {"stationId": 189, "departTime": "16:08:15", "arrivalTime": "16:07:50"}, {"stationId": 190, "departTime": "16:13:26", "arrivalTime": "16:12:41"}]}, "S9-0913": {"trainId": "S9-0913", "direction": 0, "route": "128-186-187-188-189-190", "level": 0, "schedule": [{"stationId": 128, "departTime": "15:20:35", "arrivalTime": "15:14:18"}, {"stationId": 186, "departTime": "15:28:23", "arrivalTime": "15:27:58"}, {"stationId": 187, "departTime": "15:34:07", "arrivalTime": "15:33:42"}, {"stationId": 188, "departTime": "15:42:22", "arrivalTime": "15:41:57"}, {"stationId": 189, "departTime": "15:56:20", "arrivalTime": "15:55:55"}, {"stationId": 190, "departTime": "16:01:31", "arrivalTime": "16:00:46"}]}, "S9-0813": {"trainId": "S9-0813", "direction": 0, "route": "128-186-187-188-189-190", "level": 0, "schedule": [{"stationId": 128, "departTime": "15:08:10", "arrivalTime": "15:04:07"}, {"stationId": 186, "departTime": "15:15:58", "arrivalTime": "15:15:33"}, {"stationId": 187, "departTime": "15:21:42", "arrivalTime": "15:21:17"}, {"stationId": 188, "departTime": "15:29:57", "arrivalTime": "15:29:32"}, {"stationId": 189, "departTime": "15:43:55", "arrivalTime": "15:43:30"}, {"stationId": 190, "departTime": "15:49:06", "arrivalTime": "15:48:21"}]}, "S9-0814": {"trainId": "S9-0814", "direction": 1, "route": "190-189-188-187-186-128", "level": 0, "schedule": [{"stationId": 190, "departTime": "15:55:50", "arrivalTime": "15:51:08"}, {"stationId": 189, "departTime": "16:00:42", "arrivalTime": "16:00:17"}, {"stationId": 188, "departTime": "16:14:42", "arrivalTime": "16:14:17"}, {"stationId": 187, "departTime": "16:22:54", "arrivalTime": "16:22:29"}, {"stationId": 186, "departTime": "16:28:39", "arrivalTime": "16:28:14"}, {"stationId": 128, "departTime": "16:36:56", "arrivalTime": "16:36:11"}]}, "S9-0914": {"trainId": "S9-0914", "direction": 1, "route": "190-189-188-187-186-128", "level": 0, "schedule": [{"stationId": 190, "departTime": "16:07:45", "arrivalTime": "16:03:33"}, {"stationId": 189, "departTime": "16:12:37", "arrivalTime": "16:12:12"}, {"stationId": 188, "departTime": "16:26:37", "arrivalTime": "16:26:12"}, {"stationId": 187, "departTime": "16:34:49", "arrivalTime": "16:34:24"}, {"stationId": 186, "departTime": "16:40:34", "arrivalTime": "16:40:09"}, {"stationId": 128, "departTime": "16:48:51", "arrivalTime": "16:48:06"}]}, "S9-0216": {"trainId": "S9-0216", "direction": 1, "route": "190-189-188-187-186-128", "level": 0, "schedule": [{"stationId": 190, "departTime": "16:19:40", "arrivalTime": "16:15:28"}, {"stationId": 189, "departTime": "16:24:32", "arrivalTime": "16:24:07"}, {"stationId": 188, "departTime": "16:38:32", "arrivalTime": "16:38:07"}, {"stationId": 187, "departTime": "16:46:44", "arrivalTime": "16:46:19"}, {"stationId": 186, "departTime": "16:52:29", "arrivalTime": "16:52:04"}, {"stationId": 128, "departTime": "17:00:46", "arrivalTime": "17:00:01"}]}, "S9-0316": {"trainId": "S9-0316", "direction": 1, "route": "190-189-188-187-186-128", "level": 0, "schedule": [{"stationId": 190, "departTime": "16:32:56", "arrivalTime": "16:30:28"}, {"stationId": 189, "departTime": "16:37:48", "arrivalTime": "16:37:23"}, {"stationId": 188, "departTime": "16:51:48", "arrivalTime": "16:51:23"}, {"stationId": 187, "departTime": "17:00:00", "arrivalTime": "16:59:35"}, {"stationId": 186, "departTime": "17:05:45", "arrivalTime": "17:05:20"}, {"stationId": 128, "departTime": "17:14:02", "arrivalTime": "17:13:17"}]}, "S9-1104": {"trainId": "S9-1104", "direction": 1, "route": "190-189-188-187-186-128", "level": 0, "schedule": [{"stationId": 190, "departTime": "16:43:30", "arrivalTime": "16:39:31"}, {"stationId": 189, "departTime": "16:48:22", "arrivalTime": "16:47:57"}, {"stationId": 188, "departTime": "17:02:22", "arrivalTime": "17:01:57"}, {"stationId": 187, "departTime": "17:10:34", "arrivalTime": "17:10:09"}, {"stationId": 186, "departTime": "17:16:19", "arrivalTime": "17:15:54"}, {"stationId": 128, "departTime": "17:24:36", "arrivalTime": "17:23:51"}]}, "S9-0516": {"trainId": "S9-0516", "direction": 1, "route": "190-189-188-187-186-128", "level": 0, "schedule": [{"stationId": 190, "departTime": "16:55:25", "arrivalTime": "16:50:30"}, {"stationId": 189, "departTime": "17:00:17", "arrivalTime": "16:59:52"}, {"stationId": 188, "departTime": "17:14:17", "arrivalTime": "17:13:52"}, {"stationId": 187, "departTime": "17:22:29", "arrivalTime": "17:22:04"}, {"stationId": 186, "departTime": "17:28:14", "arrivalTime": "17:27:49"}, {"stationId": 128, "departTime": "17:36:31", "arrivalTime": "17:35:46"}]}, "S9-0716": {"trainId": "S9-0716", "direction": 1, "route": "190-189-188-187-186-128", "level": 0, "schedule": [{"stationId": 190, "departTime": "17:07:20", "arrivalTime": "17:03:33"}, {"stationId": 189, "departTime": "17:12:12", "arrivalTime": "17:11:47"}, {"stationId": 188, "departTime": "17:26:12", "arrivalTime": "17:25:47"}, {"stationId": 187, "departTime": "17:34:24", "arrivalTime": "17:33:59"}, {"stationId": 186, "departTime": "17:40:09", "arrivalTime": "17:39:44"}, {"stationId": 128, "departTime": "17:48:26", "arrivalTime": "17:47:41"}]}, "S9-1012": {"trainId": "S9-1012", "direction": 1, "route": "190-189-188-187-186-128", "level": 0, "schedule": [{"stationId": 190, "departTime": "17:19:15", "arrivalTime": "17:15:53"}, {"stationId": 189, "departTime": "17:24:07", "arrivalTime": "17:23:42"}, {"stationId": 188, "departTime": "17:38:07", "arrivalTime": "17:37:42"}, {"stationId": 187, "departTime": "17:46:19", "arrivalTime": "17:45:54"}, {"stationId": 186, "departTime": "17:52:04", "arrivalTime": "17:51:39"}, {"stationId": 128, "departTime": "18:00:21", "arrivalTime": "17:59:36"}]}, "S9-0717": {"trainId": "S9-0717", "direction": 0, "route": "128-186-187-188-189-190", "level": 0, "schedule": [{"stationId": 128, "departTime": "17:54:45", "arrivalTime": "17:51:42"}, {"stationId": 186, "departTime": "18:02:33", "arrivalTime": "18:02:08"}, {"stationId": 187, "departTime": "18:08:17", "arrivalTime": "18:07:52"}, {"stationId": 188, "departTime": "18:16:32", "arrivalTime": "18:16:07"}, {"stationId": 189, "departTime": "18:30:30", "arrivalTime": "18:30:05"}, {"stationId": 190, "departTime": "18:35:41", "arrivalTime": "18:34:56"}]}, "S9-0517": {"trainId": "S9-0517", "direction": 0, "route": "128-186-187-188-189-190", "level": 0, "schedule": [{"stationId": 128, "departTime": "17:43:35", "arrivalTime": "17:39:47"}, {"stationId": 186, "departTime": "17:51:23", "arrivalTime": "17:50:58"}, {"stationId": 187, "departTime": "17:57:07", "arrivalTime": "17:56:42"}, {"stationId": 188, "departTime": "18:05:22", "arrivalTime": "18:04:57"}, {"stationId": 189, "departTime": "18:19:20", "arrivalTime": "18:18:55"}, {"stationId": 190, "departTime": "18:24:26", "arrivalTime": "18:23:46"}]}, "S9-1105": {"trainId": "S9-1105", "direction": 0, "route": "128-186-187-188-189-190", "level": 0, "schedule": [{"stationId": 128, "departTime": "17:32:23", "arrivalTime": "17:27:52"}, {"stationId": 186, "departTime": "17:40:11", "arrivalTime": "17:39:46"}, {"stationId": 187, "departTime": "17:45:55", "arrivalTime": "17:45:30"}, {"stationId": 188, "departTime": "17:54:10", "arrivalTime": "17:53:45"}, {"stationId": 189, "departTime": "18:08:08", "arrivalTime": "18:07:43"}, {"stationId": 190, "departTime": "18:13:19", "arrivalTime": "18:12:34"}]}, "S9-0317": {"trainId": "S9-0317", "direction": 0, "route": "128-186-187-188-189-190", "level": 0, "schedule": [{"stationId": 128, "departTime": "17:19:52", "arrivalTime": "17:17:18"}, {"stationId": 186, "departTime": "17:27:40", "arrivalTime": "17:27:15"}, {"stationId": 187, "departTime": "17:33:24", "arrivalTime": "17:32:59"}, {"stationId": 188, "departTime": "17:41:39", "arrivalTime": "17:41:14"}, {"stationId": 189, "departTime": "17:55:37", "arrivalTime": "17:55:12"}, {"stationId": 190, "departTime": "18:00:48", "arrivalTime": "18:00:03"}]}, "S9-0217": {"trainId": "S9-0217", "direction": 0, "route": "128-186-187-188-189-190", "level": 0, "schedule": [{"stationId": 128, "departTime": "17:07:20", "arrivalTime": "17:04:02"}, {"stationId": 186, "departTime": "17:15:08", "arrivalTime": "17:14:43"}, {"stationId": 187, "departTime": "17:20:52", "arrivalTime": "17:20:27"}, {"stationId": 188, "departTime": "17:29:07", "arrivalTime": "17:28:42"}, {"stationId": 189, "departTime": "17:43:05", "arrivalTime": "17:42:40"}, {"stationId": 190, "departTime": "17:48:16", "arrivalTime": "17:47:31"}]}, "S9-0915": {"trainId": "S9-0915", "direction": 0, "route": "128-186-187-188-189-190", "level": 0, "schedule": [{"stationId": 128, "departTime": "16:55:15", "arrivalTime": "16:52:07"}, {"stationId": 186, "departTime": "17:03:03", "arrivalTime": "17:02:38"}, {"stationId": 187, "departTime": "17:08:47", "arrivalTime": "17:08:22"}, {"stationId": 188, "departTime": "17:17:02", "arrivalTime": "17:16:37"}, {"stationId": 189, "departTime": "17:31:00", "arrivalTime": "17:30:35"}, {"stationId": 190, "departTime": "17:36:11", "arrivalTime": "17:35:26"}]}, "S9-0815": {"trainId": "S9-0815", "direction": 0, "route": "128-186-187-188-189-190", "level": 0, "schedule": [{"stationId": 128, "departTime": "16:44:19", "arrivalTime": "16:40:12"}, {"stationId": 186, "departTime": "16:52:07", "arrivalTime": "16:51:42"}, {"stationId": 187, "departTime": "16:57:51", "arrivalTime": "16:57:26"}, {"stationId": 188, "departTime": "17:06:06", "arrivalTime": "17:05:41"}, {"stationId": 189, "departTime": "17:20:04", "arrivalTime": "17:19:39"}, {"stationId": 190, "departTime": "17:25:15", "arrivalTime": "17:24:30"}]}, "S9-1011": {"trainId": "S9-1011", "direction": 0, "route": "128-186-187-188-189-190", "level": 0, "schedule": [{"stationId": 128, "departTime": "16:32:55", "arrivalTime": "16:27:06"}, {"stationId": 186, "departTime": "16:40:43", "arrivalTime": "16:40:18"}, {"stationId": 187, "departTime": "16:46:27", "arrivalTime": "16:46:02"}, {"stationId": 188, "departTime": "16:54:42", "arrivalTime": "16:54:17"}, {"stationId": 189, "departTime": "17:08:40", "arrivalTime": "17:08:15"}, {"stationId": 190, "departTime": "17:13:51", "arrivalTime": "17:13:06"}]}, "S9-0816": {"trainId": "S9-0816", "direction": 1, "route": "190-189-188-187-186-128", "level": 0, "schedule": [{"stationId": 190, "departTime": "17:32:06", "arrivalTime": "17:27:17"}, {"stationId": 189, "departTime": "17:36:58", "arrivalTime": "17:36:33"}, {"stationId": 188, "departTime": "17:50:58", "arrivalTime": "17:50:33"}, {"stationId": 187, "departTime": "17:59:10", "arrivalTime": "17:58:45"}, {"stationId": 186, "departTime": "18:04:55", "arrivalTime": "18:04:30"}, {"stationId": 128, "departTime": "18:13:12", "arrivalTime": "18:12:27"}]}, "S9-0916": {"trainId": "S9-0916", "direction": 1, "route": "190-189-188-187-186-128", "level": 0, "schedule": [{"stationId": 190, "departTime": "17:43:05", "arrivalTime": "17:38:13"}, {"stationId": 189, "departTime": "17:47:57", "arrivalTime": "17:47:32"}, {"stationId": 188, "departTime": "18:01:57", "arrivalTime": "18:01:32"}, {"stationId": 187, "departTime": "18:10:09", "arrivalTime": "18:09:44"}, {"stationId": 186, "departTime": "18:15:54", "arrivalTime": "18:15:29"}, {"stationId": 128, "departTime": "18:24:11", "arrivalTime": "18:23:26"}]}, "S9-0218": {"trainId": "S9-0218", "direction": 1, "route": "190-189-188-187-186-128", "level": 0, "schedule": [{"stationId": 190, "departTime": "17:55:23", "arrivalTime": "17:50:18"}, {"stationId": 189, "departTime": "18:00:15", "arrivalTime": "17:59:50"}, {"stationId": 188, "departTime": "18:14:15", "arrivalTime": "18:13:50"}, {"stationId": 187, "departTime": "18:22:27", "arrivalTime": "18:22:02"}, {"stationId": 186, "departTime": "18:28:12", "arrivalTime": "18:27:47"}, {"stationId": 128, "departTime": "18:36:29", "arrivalTime": "18:35:44"}]}, "S9-0318": {"trainId": "S9-0318", "direction": 1, "route": "190-189-188-187-186-128", "level": 0, "schedule": [{"stationId": 190, "departTime": "18:09:05", "arrivalTime": "18:02:50"}, {"stationId": 189, "departTime": "18:13:57", "arrivalTime": "18:13:32"}, {"stationId": 188, "departTime": "18:27:57", "arrivalTime": "18:27:32"}, {"stationId": 187, "departTime": "18:36:09", "arrivalTime": "18:35:44"}, {"stationId": 186, "departTime": "18:41:54", "arrivalTime": "18:41:29"}, {"stationId": 128, "departTime": "18:50:11", "arrivalTime": "18:49:26"}]}, "S9-1106": {"trainId": "S9-1106", "direction": 1, "route": "190-189-188-187-186-128", "level": 0, "schedule": [{"stationId": 190, "departTime": "18:24:04", "arrivalTime": "18:15:21"}, {"stationId": 189, "departTime": "18:28:56", "arrivalTime": "18:28:31"}, {"stationId": 188, "departTime": "18:42:56", "arrivalTime": "18:42:31"}, {"stationId": 187, "departTime": "18:51:08", "arrivalTime": "18:50:43"}, {"stationId": 186, "departTime": "18:56:53", "arrivalTime": "18:56:28"}, {"stationId": 128, "departTime": "19:05:10", "arrivalTime": "19:04:25"}]}, "S9-0718": {"trainId": "S9-0718", "direction": 1, "route": "190-189-188-187-186-128", "level": 0, "schedule": [{"stationId": 190, "departTime": "18:40:26", "arrivalTime": "18:37:43"}, {"stationId": 189, "departTime": "18:45:18", "arrivalTime": "18:44:53"}, {"stationId": 188, "departTime": "18:59:18", "arrivalTime": "18:58:53"}, {"stationId": 187, "departTime": "19:07:30", "arrivalTime": "19:07:05"}, {"stationId": 186, "departTime": "19:13:15", "arrivalTime": "19:12:50"}, {"stationId": 128, "departTime": "19:21:32", "arrivalTime": "19:20:47"}]}, "S9-1014": {"trainId": "S9-1014", "direction": 1, "route": "190-189-188-187-186-128", "level": 0, "schedule": [{"stationId": 190, "departTime": "18:54:15", "arrivalTime": "18:52:05"}, {"stationId": 189, "departTime": "18:59:07", "arrivalTime": "18:58:42"}, {"stationId": 188, "departTime": "19:13:07", "arrivalTime": "19:12:42"}, {"stationId": 187, "departTime": "19:21:19", "arrivalTime": "19:20:54"}, {"stationId": 186, "departTime": "19:27:04", "arrivalTime": "19:26:39"}, {"stationId": 128, "departTime": "19:35:21", "arrivalTime": "19:34:36"}]}, "S9-0819": {"trainId": "S9-0819", "direction": 0, "route": "128-186-187-188-189-190", "level": 0, "schedule": [{"stationId": 128, "departTime": "20:07:00", "arrivalTime": "19:55:29"}, {"stationId": 186, "departTime": "20:14:48", "arrivalTime": "20:14:23"}, {"stationId": 187, "departTime": "20:20:32", "arrivalTime": "20:20:07"}, {"stationId": 188, "departTime": "20:28:47", "arrivalTime": "20:28:22"}, {"stationId": 189, "departTime": "20:42:45", "arrivalTime": "20:42:20"}, {"stationId": 190, "departTime": "20:47:56", "arrivalTime": "20:47:11"}]}, "S9-1015": {"trainId": "S9-1015", "direction": 0, "route": "128-186-187-188-189-190", "level": 0, "schedule": [{"stationId": 128, "departTime": "19:49:00", "arrivalTime": "19:38:37"}, {"stationId": 186, "departTime": "19:56:48", "arrivalTime": "19:56:23"}, {"stationId": 187, "departTime": "20:02:32", "arrivalTime": "20:02:07"}, {"stationId": 188, "departTime": "20:10:47", "arrivalTime": "20:10:22"}, {"stationId": 189, "departTime": "20:24:45", "arrivalTime": "20:24:20"}, {"stationId": 190, "departTime": "20:29:56", "arrivalTime": "20:29:11"}]}, "S9-0719": {"trainId": "S9-0719", "direction": 0, "route": "128-186-187-188-189-190", "level": 0, "schedule": [{"stationId": 128, "departTime": "19:31:30", "arrivalTime": "19:24:48"}, {"stationId": 186, "departTime": "19:39:18", "arrivalTime": "19:38:53"}, {"stationId": 187, "departTime": "19:45:02", "arrivalTime": "19:44:37"}, {"stationId": 188, "departTime": "19:53:17", "arrivalTime": "19:52:52"}, {"stationId": 189, "departTime": "20:07:15", "arrivalTime": "20:06:50"}, {"stationId": 190, "departTime": "20:12:26", "arrivalTime": "20:11:41"}]}, "S9-1107": {"trainId": "S9-1107", "direction": 0, "route": "128-186-187-188-189-190", "level": 0, "schedule": [{"stationId": 128, "departTime": "19:15:03", "arrivalTime": "19:08:26"}, {"stationId": 186, "departTime": "19:22:51", "arrivalTime": "19:22:26"}, {"stationId": 187, "departTime": "19:28:35", "arrivalTime": "19:28:10"}, {"stationId": 188, "departTime": "19:36:50", "arrivalTime": "19:36:25"}, {"stationId": 189, "departTime": "19:50:48", "arrivalTime": "19:50:23"}, {"stationId": 190, "departTime": "19:55:59", "arrivalTime": "19:55:14"}]}, "S9-0319": {"trainId": "S9-0319", "direction": 0, "route": "128-186-187-188-189-190", "level": 0, "schedule": [{"stationId": 128, "departTime": "18:57:43", "arrivalTime": "18:53:27"}, {"stationId": 186, "departTime": "19:05:31", "arrivalTime": "19:05:06"}, {"stationId": 187, "departTime": "19:11:15", "arrivalTime": "19:10:50"}, {"stationId": 188, "departTime": "19:19:30", "arrivalTime": "19:19:05"}, {"stationId": 189, "departTime": "19:33:28", "arrivalTime": "19:33:03"}, {"stationId": 190, "departTime": "19:38:39", "arrivalTime": "19:37:54"}]}, "S9-0917": {"trainId": "S9-0917", "direction": 0, "route": "128-186-187-188-189-190", "level": 0, "schedule": [{"stationId": 128, "departTime": "18:41:29", "arrivalTime": "18:27:27"}, {"stationId": 186, "departTime": "18:49:17", "arrivalTime": "18:48:52"}, {"stationId": 187, "departTime": "18:55:01", "arrivalTime": "18:54:36"}, {"stationId": 188, "departTime": "19:03:16", "arrivalTime": "19:02:51"}, {"stationId": 189, "departTime": "19:17:14", "arrivalTime": "19:16:49"}, {"stationId": 190, "departTime": "19:22:25", "arrivalTime": "19:21:40"}]}, "S9-0817": {"trainId": "S9-0817", "direction": 0, "route": "128-186-187-188-189-190", "level": 0, "schedule": [{"stationId": 128, "departTime": "18:25:00", "arrivalTime": "18:16:28"}, {"stationId": 186, "departTime": "18:32:48", "arrivalTime": "18:32:23"}, {"stationId": 187, "departTime": "18:38:32", "arrivalTime": "18:38:07"}, {"stationId": 188, "departTime": "18:46:47", "arrivalTime": "18:46:22"}, {"stationId": 189, "departTime": "19:00:45", "arrivalTime": "19:00:20"}, {"stationId": 190, "departTime": "19:05:56", "arrivalTime": "19:05:11"}]}, "S9-1013": {"trainId": "S9-1013", "direction": 0, "route": "128-186-187-188-189-190", "level": 0, "schedule": [{"stationId": 128, "departTime": "18:09:07", "arrivalTime": "18:03:37"}, {"stationId": 186, "departTime": "18:16:55", "arrivalTime": "18:16:30"}, {"stationId": 187, "departTime": "18:22:39", "arrivalTime": "18:22:14"}, {"stationId": 188, "departTime": "18:30:54", "arrivalTime": "18:30:29"}, {"stationId": 189, "departTime": "18:44:52", "arrivalTime": "18:44:27"}, {"stationId": 190, "departTime": "18:50:03", "arrivalTime": "18:49:18"}]}, "S9-0818": {"trainId": "S9-0818", "direction": 1, "route": "190-189-188-187-186-128", "level": 0, "schedule": [{"stationId": 190, "departTime": "19:11:07", "arrivalTime": "19:07:58"}, {"stationId": 189, "departTime": "19:15:59", "arrivalTime": "19:15:34"}, {"stationId": 188, "departTime": "19:29:59", "arrivalTime": "19:29:34"}, {"stationId": 187, "departTime": "19:38:11", "arrivalTime": "19:37:46"}, {"stationId": 186, "departTime": "19:43:56", "arrivalTime": "19:43:31"}, {"stationId": 128, "departTime": "19:52:13", "arrivalTime": "19:51:28"}]}, "S9-0918": {"trainId": "S9-0918", "direction": 1, "route": "190-189-188-187-186-128", "level": 0, "schedule": [{"stationId": 190, "departTime": "19:28:01", "arrivalTime": "19:24:27"}, {"stationId": 189, "departTime": "19:32:53", "arrivalTime": "19:32:28"}, {"stationId": 188, "departTime": "19:46:53", "arrivalTime": "19:46:28"}, {"stationId": 187, "departTime": "19:55:05", "arrivalTime": "19:54:40"}, {"stationId": 186, "departTime": "20:00:50", "arrivalTime": "20:00:25"}, {"stationId": 128, "departTime": "20:09:07", "arrivalTime": "20:08:22"}]}, "S9-0320": {"trainId": "S9-0320", "direction": 1, "route": "190-189-188-187-186-128", "level": 0, "schedule": [{"stationId": 190, "departTime": "19:46:15", "arrivalTime": "19:40:41"}, {"stationId": 189, "departTime": "19:51:07", "arrivalTime": "19:50:42"}, {"stationId": 188, "departTime": "20:05:07", "arrivalTime": "20:04:42"}, {"stationId": 187, "departTime": "20:13:19", "arrivalTime": "20:12:54"}, {"stationId": 186, "departTime": "20:19:04", "arrivalTime": "20:18:39"}, {"stationId": 128, "departTime": "20:27:21", "arrivalTime": "20:26:36"}]}, "S9-1108": {"trainId": "S9-1108", "direction": 1, "route": "190-189-188-187-186-128", "level": 0, "schedule": [{"stationId": 190, "departTime": "20:04:38", "arrivalTime": "19:58:01"}, {"stationId": 189, "departTime": "20:09:30", "arrivalTime": "20:09:05"}, {"stationId": 188, "departTime": "20:23:30", "arrivalTime": "20:23:05"}, {"stationId": 187, "departTime": "20:31:42", "arrivalTime": "20:31:17"}, {"stationId": 186, "departTime": "20:37:27", "arrivalTime": "20:37:02"}, {"stationId": 128, "departTime": "20:45:44", "arrivalTime": "20:44:59"}]}, "S9-0720": {"trainId": "S9-0720", "direction": 1, "route": "190-189-188-187-186-128", "level": 0, "schedule": [{"stationId": 190, "departTime": "20:20:42", "arrivalTime": "20:14:28"}, {"stationId": 189, "departTime": "20:25:34", "arrivalTime": "20:25:09"}, {"stationId": 188, "departTime": "20:39:34", "arrivalTime": "20:39:09"}, {"stationId": 187, "departTime": "20:47:46", "arrivalTime": "20:47:21"}, {"stationId": 186, "departTime": "20:53:31", "arrivalTime": "20:53:06"}, {"stationId": 128, "departTime": "21:01:48", "arrivalTime": "21:01:03"}]}, "S9-1016": {"trainId": "S9-1016", "direction": 1, "route": "190-189-188-187-186-128", "level": 0, "schedule": [{"stationId": 190, "departTime": "20:38:58", "arrivalTime": "20:31:58"}, {"stationId": 189, "departTime": "20:43:50", "arrivalTime": "20:43:25"}, {"stationId": 188, "departTime": "20:57:50", "arrivalTime": "20:57:25"}, {"stationId": 187, "departTime": "21:06:02", "arrivalTime": "21:05:37"}, {"stationId": 186, "departTime": "21:11:47", "arrivalTime": "21:11:22"}, {"stationId": 128, "departTime": "21:20:04", "arrivalTime": "21:19:19"}]}, "S9-0820": {"trainId": "S9-0820", "direction": 1, "route": "190-189-188-187-186-128", "level": 0, "schedule": [{"stationId": 190, "departTime": "20:56:31", "arrivalTime": "20:49:58"}, {"stationId": 189, "departTime": "21:01:23", "arrivalTime": "21:00:58"}, {"stationId": 188, "departTime": "21:15:23", "arrivalTime": "21:14:58"}, {"stationId": 187, "departTime": "21:23:35", "arrivalTime": "21:23:10"}, {"stationId": 186, "departTime": "21:29:20", "arrivalTime": "21:28:55"}, {"stationId": 128, "departTime": "21:37:37", "arrivalTime": "21:36:52"}]}, "S9-0920": {"trainId": "S9-0920", "direction": 1, "route": "190-189-188-187-186-128", "level": 0, "schedule": [{"stationId": 190, "departTime": "21:13:36", "arrivalTime": "21:07:58"}, {"stationId": 189, "departTime": "21:18:28", "arrivalTime": "21:18:03"}, {"stationId": 188, "departTime": "21:32:28", "arrivalTime": "21:32:03"}, {"stationId": 187, "departTime": "21:40:40", "arrivalTime": "21:40:15"}, {"stationId": 186, "departTime": "21:46:25", "arrivalTime": "21:46:00"}, {"stationId": 128, "departTime": "21:54:42", "arrivalTime": "21:53:57"}]}, "S9-0323": {"trainId": "S9-0323", "direction": 0, "route": "128-186-187-188-189-190", "level": 0, "schedule": [{"stationId": 128, "departTime": "22:18:41", "arrivalTime": "22:14:16"}, {"stationId": 186, "departTime": "22:26:29", "arrivalTime": "22:26:04"}, {"stationId": 187, "departTime": "22:32:13", "arrivalTime": "22:31:48"}, {"stationId": 188, "departTime": "22:40:28", "arrivalTime": "22:40:03"}, {"stationId": 189, "departTime": "22:54:26", "arrivalTime": "22:54:01"}, {"stationId": 190, "departTime": "22:59:32", "arrivalTime": "22:58:52"}]}, "S9-0921": {"trainId": "S9-0921", "direction": 0, "route": "128-186-187-188-189-190", "level": 0, "schedule": [{"stationId": 128, "departTime": "22:00:00", "arrivalTime": "21:57:58"}, {"stationId": 186, "departTime": "22:07:48", "arrivalTime": "22:07:23"}, {"stationId": 187, "departTime": "22:13:32", "arrivalTime": "22:13:07"}, {"stationId": 188, "departTime": "22:21:47", "arrivalTime": "22:21:22"}, {"stationId": 189, "departTime": "22:35:45", "arrivalTime": "22:35:20"}, {"stationId": 190, "departTime": "22:40:51", "arrivalTime": "22:40:11"}]}, "S9-0821": {"trainId": "S9-0821", "direction": 0, "route": "128-186-187-188-189-190", "level": 0, "schedule": [{"stationId": 128, "departTime": "21:46:21", "arrivalTime": "21:40:53"}, {"stationId": 186, "departTime": "21:54:09", "arrivalTime": "21:53:44"}, {"stationId": 187, "departTime": "21:59:53", "arrivalTime": "21:59:28"}, {"stationId": 188, "departTime": "22:08:08", "arrivalTime": "22:07:43"}, {"stationId": 189, "departTime": "22:22:06", "arrivalTime": "22:21:41"}, {"stationId": 190, "departTime": "22:27:12", "arrivalTime": "22:26:32"}]}, "S9-1017": {"trainId": "S9-1017", "direction": 0, "route": "128-186-187-188-189-190", "level": 0, "schedule": [{"stationId": 128, "departTime": "21:30:50", "arrivalTime": "21:23:20"}, {"stationId": 186, "departTime": "21:38:38", "arrivalTime": "21:38:13"}, {"stationId": 187, "departTime": "21:44:22", "arrivalTime": "21:43:57"}, {"stationId": 188, "departTime": "21:52:37", "arrivalTime": "21:52:12"}, {"stationId": 189, "departTime": "22:06:35", "arrivalTime": "22:06:10"}, {"stationId": 190, "departTime": "22:11:41", "arrivalTime": "22:11:01"}]}, "S9-0721": {"trainId": "S9-0721", "direction": 0, "route": "128-186-187-188-189-190", "level": 0, "schedule": [{"stationId": 128, "departTime": "21:15:50", "arrivalTime": "21:05:04"}, {"stationId": 186, "departTime": "21:23:38", "arrivalTime": "21:23:13"}, {"stationId": 187, "departTime": "21:29:22", "arrivalTime": "21:28:57"}, {"stationId": 188, "departTime": "21:37:37", "arrivalTime": "21:37:12"}, {"stationId": 189, "departTime": "21:51:35", "arrivalTime": "21:51:10"}, {"stationId": 190, "departTime": "21:56:46", "arrivalTime": "21:56:01"}]}, "S9-1109": {"trainId": "S9-1109", "direction": 0, "route": "128-186-187-188-189-190", "level": 0, "schedule": [{"stationId": 128, "departTime": "20:59:53", "arrivalTime": "20:49:00"}, {"stationId": 186, "departTime": "21:07:41", "arrivalTime": "21:07:16"}, {"stationId": 187, "departTime": "21:13:25", "arrivalTime": "21:13:00"}, {"stationId": 188, "departTime": "21:21:40", "arrivalTime": "21:21:15"}, {"stationId": 189, "departTime": "21:35:38", "arrivalTime": "21:35:13"}, {"stationId": 190, "departTime": "21:40:49", "arrivalTime": "21:40:04"}]}, "S9-0321": {"trainId": "S9-0321", "direction": 0, "route": "128-186-187-188-189-190", "level": 0, "schedule": [{"stationId": 128, "departTime": "20:43:00", "arrivalTime": "20:30:37"}, {"stationId": 186, "departTime": "20:50:48", "arrivalTime": "20:50:23"}, {"stationId": 187, "departTime": "20:56:32", "arrivalTime": "20:56:07"}, {"stationId": 188, "departTime": "21:04:47", "arrivalTime": "21:04:22"}, {"stationId": 189, "departTime": "21:18:45", "arrivalTime": "21:18:20"}, {"stationId": 190, "departTime": "21:23:56", "arrivalTime": "21:23:11"}]}, "S9-0919": {"trainId": "S9-0919", "direction": 0, "route": "128-186-187-188-189-190", "level": 0, "schedule": [{"stationId": 128, "departTime": "20:25:00", "arrivalTime": "20:12:23"}, {"stationId": 186, "departTime": "20:32:48", "arrivalTime": "20:32:23"}, {"stationId": 187, "departTime": "20:38:32", "arrivalTime": "20:38:07"}, {"stationId": 188, "departTime": "20:46:47", "arrivalTime": "20:46:22"}, {"stationId": 189, "departTime": "21:00:45", "arrivalTime": "21:00:20"}, {"stationId": 190, "departTime": "21:05:56", "arrivalTime": "21:05:11"}]}, "S9-0322": {"trainId": "S9-0322", "direction": 1, "route": "190-189-188-187-186-128", "level": 0, "schedule": [{"stationId": 190, "departTime": "21:29:54", "arrivalTime": "21:25:58"}, {"stationId": 189, "departTime": "21:34:46", "arrivalTime": "21:34:21"}, {"stationId": 188, "departTime": "21:48:46", "arrivalTime": "21:48:21"}, {"stationId": 187, "departTime": "21:56:58", "arrivalTime": "21:56:33"}, {"stationId": 186, "departTime": "22:02:43", "arrivalTime": "22:02:18"}, {"stationId": 128, "departTime": "22:11:00", "arrivalTime": "22:10:15"}]}, "S9-1110": {"trainId": "S9-1110", "direction": 1, "route": "190-189-188-187-186-128", "level": 0, "schedule": [{"stationId": 190, "departTime": "21:46:24", "arrivalTime": "21:42:51"}, {"stationId": 189, "departTime": "21:51:16", "arrivalTime": "21:50:51"}, {"stationId": 188, "departTime": "22:05:16", "arrivalTime": "22:04:51"}, {"stationId": 187, "departTime": "22:13:28", "arrivalTime": "22:13:03"}, {"stationId": 186, "departTime": "22:19:13", "arrivalTime": "22:18:48"}, {"stationId": 128, "departTime": "22:27:30", "arrivalTime": "22:26:45"}]}, "S9-0722": {"trainId": "S9-0722", "direction": 1, "route": "190-189-188-187-186-128", "level": 0, "schedule": [{"stationId": 190, "departTime": "22:00:00", "arrivalTime": "21:58:48"}, {"stationId": 189, "departTime": "22:04:52", "arrivalTime": "22:04:27"}, {"stationId": 188, "departTime": "22:18:52", "arrivalTime": "22:18:27"}, {"stationId": 187, "departTime": "22:27:04", "arrivalTime": "22:26:39"}, {"stationId": 186, "departTime": "22:32:49", "arrivalTime": "22:32:24"}, {"stationId": 128, "departTime": "22:41:06", "arrivalTime": "22:40:21"}]}}