{
    "line": "L1",
    "lineName": "1号线",
    "lineColor": "#009ACE",
    "stationNames": [
        "八卦洲大桥南",
        "笆斗山",
        "燕子矶",
        "吉祥庵",
        "晓庄",
        "迈皋桥",
        "红山动物园",
        "南京站",
        "新模范马路",
        "玄武门",
        "鼓楼",
        "珠江路",
        "新街口",
        "张府园",
        "三山街",
        "中华门",
        "安德门",
        "天隆寺",
        "软件大道",
        "花神庙",
        "南京南站",
        "双龙大道",
        "河定桥",
        "胜太路",
        "百家湖",
        "小龙湾",
        "竹山路",
        "天印大道",
        "龙眠大道",
        "南医大·江苏经贸学院",
        "南京交院",
        "中国药科大学"
    ],
    "stationIds": [
        1,
        2,
        3,
        4,
        5,
        6,
        7,
        8,
        9,
        10,
        11,
        12,
        13,
        14,
        15,
        16,
        17,
        18,
        19,
        20,
        21,
        22,
        23,
        24,
        25,
        26,
        27,
        28,
        29,
        30,
        31,
        32
    ],
    "transferInfo": {
        "5": [
            "L7"
        ],
        "8": [
            "L3"
        ],
        "11": [
            "L4"
        ],
        "13": [
            "L2"
        ],
        "17": [
            "L10"
        ],
        "21": [
            "L3",
            "S1",
            "S3"
        ]
    },
    "lineGraphic": [
        {
            "length": 3120,
            "color": "#009ACE"
        }
    ],
    "downHint": "中国药科大学·江宁 方面",
    "upHint": "八卦洲大桥南·市区 方面"
}