{
  "line": "L10",
  "lineName": "10号线",
  "lineColor": "#B9975B",
  "stationNames": [
    "雨山路",
    "文德路",
    "龙华路",
    "南京工业大学",
    "浦口万汇城",
    "临江",
    "江心洲",
    "绿博园",
    "梦都大街",
    "奥体中心",
    "元通",
    "中胜",
    "小行",
    "安德门"
  ],
  "stationIds": [
    122,
    121,
    120,
    119,
    118,
    117,
    116,
    115,
    114,
    113,
    39,
    112,
    111,
    17
  ],
  "transferInfo": {
    "39": [
      "L2"
    ],
    "17": [
      "L1"
    ]
  },
  "lineGraphic": [
    {
      "length": 1320,
      "color": "#B9975B"
    }
  ],
  "downHint": "安德门·市区 方面",
  "upHint": "雨山路·江浦 方面"
}