{
  "line": "L2",
  "lineName": "2号线",
  "lineColor": "#A6093D",
  "stationNames": [
    "经天路",
    "南大仙林校区",
    "羊山公园",
    "仙林中心",
    "学则路",
    "仙鹤门",
    "金马路",
    "马群",
    "钟灵街",
    "孝陵卫",
    "下马坊",
    "苜蓿园",
    "明故宫",
    "西安门",
    "大行宫",
    "新街口",
    "上海路",
    "汉中门",
    "莫愁湖",
    "云锦路",
    "集庆门大街",
    "兴隆大街",
    "奥体东",
    "元通",
    "雨润大街",
    "油坊桥",
    "螺塘路",
    "青莲街",
    "天保街",
    "鱼嘴"
  ],
  "stationIds": [
    61,
    60,
    59,
    58,
    57,
    56,
    55,
    54,
    53,
    52,
    51,
    50,
    49,
    48,
    47,
    13,
    46,
    45,
    44,
    43,
    42,
    41,
    40,
    39,
    38,
    37,
    36,
    35,
    34,
    33
  ],
  "transferInfo": {
    "55": [
      "L4"
    ],
    "54": [
      "S6"
    ],
    "47": [
      "L3"
    ],
    "13": [
      "L1"
    ],
    "39": [
      "L10"
    ],
    "37": [
      "S3"
    ]
  },
  "lineGraphic": [
    {
      "length": 2920,
      "color": "#A6093D"
    }
  ],
  "downHint": "鱼嘴·河西 方面",
  "upHint": "经天路·仙林 方面"
}