{
  "line": "L3",
  "lineName": "3号线",
  "color": "#009A44",
  "stationNames": [
    "秣周东路",
    "东大九龙湖校区",
    "诚信大道",
    "九龙湖",
    "天元西路",
    "胜太西路",
    "宏运大道",
    "南京南站",
    "明发广场",
    "大明路",
    "卡子门",
    "雨花门",
    "武定门",
    "夫子庙",
    "常府街",
    "大行宫",
    "浮桥",
    "鸡鸣寺",
    "南京林业大学·新庄",
    "南京站",
    "小市",
    "五塘广场",
    "上元门",
    "柳洲东路",
    "天润城",
    "泰冯路",
    "东大成贤学院",
    "星火路",
    "林场"
  ],
  "stationIds": [
    87,
    86,
    85,
    84,
    83,
    82,
    81,
    21,
    80,
    79,
    78,
    77,
    76,
    75,
    74,
    47,
    73,
    72,
    71,
    8,
    70,
    69,
    68,
    67,
    66,
    65,
    64,
    63,
    62
  ],
  "transferInfo": {
    "21": [
      "L1",
      "S1",
      "S3"
    ],
    "47": [
      "L2"
    ],
    "72": [
      "L4"
    ],
    "8": [
      "L1"
    ],
    "69": [
      "L7"
    ],
    "65": [
      "S8"
    ]
  },
  "lineGraphic": [
    {
      "length": 2820,
      "color": "#009A44"
    }
  ],
  "downHint": "林场·江北 方面",
  "upHint": "秣周东路·江宁 方面"
}