{
  "line": "L4",
  "lineName": "4号线",
  "lineColor": "#7D55C7",
  "stationNames": [
    "仙林湖",
    "西岗桦墅",
    "孟北",
    "东流",
    "灵山",
    "汇通路",
    "金马路",
    "徐庄",
    "聚宝山",
    "王家湾",
    "蒋王庙",
    "岗子村",
    "九华山",
    "鸡鸣寺",
    "鼓楼",
    "云南路",
    "草场门",
    "龙江"
  ],
  "stationIds": [
    102,
    101,
    100,
    99,
    98,
    97,
    55,
    96,
    95,
    94,
    93,
    92,
    91,
    72,
    11,
    90,
    89,
    88
  ],
  "transferInfo": {
    "55": [
      "L2"
    ],
    "72": [
      "L3"
    ],
    "11": [
      "L1"
    ]
  },
  "lineGraphic": [
    {
      "length": 1720,
      "color": "#7D55C7"
    }
  ],
  "downHint": "龙江·市区 方面",
  "upHint": "仙林湖·紫东 方面"
}