{
  "line": "L7",
  "lineName": "7号线",
  "lineColor": "#4A7729",
  "stationNames": [
    "幕府西路",
    "五塘广场",
    "幕府山",
    "晓庄",
    "万寿",
    "丁家庄",
    "丁家庄南",
    "尧化新村",
    "尧化门",
    "仙新路"
  ],
  "stationIds": [
    110,
    69,
    109,
    5,
    108,
    107,
    106,
    105,
    104,
    103
  ],
  "transferInfo": {
    "69": [
      "L3"
    ],
    "5": [
      "L1"
    ]
  },
  "lineGraphic": [
    {
      "length": 920,
      "color": "#4A7729"
    }
  ],
  "downHint": "仙新路·栖霞 方面",
  "upHint": "幕府西路·城北 方面"
}