{
  "line": "S1",
  "lineName": "机场线",
  "lineColor": "#00B2A9",
  "stationNames": [
    "南京南站",
    "翠屏山",
    "河海大学·佛城西路",
    "吉印大道",
    "正方中路",
    "翔宇路北",
    "翔宇路南",
    "禄口机场",
    "空港新城江宁",
    "柘塘",
    "空港新城溧水",
    "群力",
    "卧龙湖",
    "溧水",
    "中山湖",
    "幸庄",
    "无想山"
  ],
  "stationIds": [
    21,
    123,
    124,
    125,
    126,
    127,
    128,
    129,
    130,
    131,
    132,
    133,
    134,
    135,
    136,
    137,
    138
  ],
  "transferInfo": {
    "21": [
      "L1",
      "L3",
      "S3"
    ],
    "128": [
      "S9"
    ],
    "130": [
      "S7"
    ]
  },
  "lineGraphic": [
    {
      "length": 865,
      "color": "#00B2A9"
    },
    {
      "length": 755,
      "color": "#E89CAE"
    }
  ],
  "downHint": "机场·溧水 方面",
  "upHint": "南京南站·市区 方面"
}