{
  "line": "S3",
  "lineName": "宁和线",
  "lineColor": "#B06C96",
  "stationNames": [
    "高家冲",
    "林山",
    "桥林新城",
    "石碛河",
    "双垅",
    "兰花塘",
    "马骡圩",
    "刘村",
    "天保",
    "高庙路",
    "吴侯街",
    "平良大街",
    "永初路",
    "油坊桥",
    "贾西",
    "春江路",
    "铁心桥",
    "景明佳园",
    "南京南站"
  ],
  "stationIds": [
    155,
    154,
    153,
    152,
    151,
    150,
    149,
    148,
    147,
    146,
    145,
    144,
    143,
    37,
    142,
    141,
    140,
    139,
    21
  ],
  "transferInfo": {
    "21": [
      "S1",
      "L1",
      "L3"
    ],
    "37": [
      "L2"
    ]
  },
  "lineGraphic": [
    {
      "length": 1820,
      "color": "#B06C96"
    }
  ],
  "downHint": "南京南站·市区 方面",
  "upHint": "高家冲·桥林 方面"
}