{
  "line": "S6",
  "lineName": "宁句线",
  "lineColor": "#C98BDB",
  "stationNames": [
    "句容",
    "崇明",
    "华阳",
    "童世界",
    "黄梅",
    "泉都大街",
    "汤山",
    "南京猿人洞",
    "古泉",
    "东郊小镇",
    "麒麟门",
    "百水桥",
    "马群"
  ],
  "stationIds": [
    156,
    157,
    158,
    159,
    160,
    161,
    162,
    163,
    164,
    165,
    166,
    167,
    54
  ],
  "transferInfo": {
    "54": [
      "L2"
    ]
  },
  "lineGraphic": [
    {
      "length": 1220,
      "color": "#C98BDB"
    }
  ],
  "downHint": "马群·市区 方面",
  "upHint": "句容 方面"
}