{
  "line": "S7",
  "lineName": "宁溧线",
  "lineColor": "#E89CAE",
  "stationNames": [
    "空港新城江宁",
    "柘塘",
    "空港新城溧水",
    "群力",
    "卧龙湖",
    "溧水",
    "中山湖",
    "幸庄",
    "无想山"
  ],
  "stationIds": [
    130,
    131,
    132,
    133,
    134,
    135,
    136,
    137,
    138
  ],
  "transferInfo": {
    "130": [
      "S1"
    ]
  },
  "lineGraphic": [
    {
      "length": 820,
      "color": "#E89CAE"
    }
  ],
  "downHint": "无想山·溧水 方面",
  "upHint": "空港新城江宁·机场 方面"
}