{
  "line": "S8",
  "lineName": "宁天线",
  "lineColor": "#EA7600",
  "stationNames": [
    "金牛湖",
    "八百桥",
    "沈桥",
    "方州广场",
    "凤凰山公园",
    "雄州",
    "龙池",
    "六合开发区",
    "化工园",
    "长芦",
    "葛塘",
    "大厂",
    "卸甲甸",
    "信息工程大学",
    "高新开发区",
    "泰冯路",
    "泰山新村",
    "毛纺厂路",
    "长江大桥北"
  ],
  "stationIds": [
    168,
    169,
    170,
    171,
    172,
    173,
    174,
    175,
    176,
    177,
    178,
    179,
    180,
    181,
    182,
    65,
    183,
    184,
    185
  ],
  "transferInfo": {
    "65": [
      "L3"
    ]
  },
  "lineGraphic": [
    {
      "length": 1820,
      "color": "#EA7600"
    }
  ],
  "downHint": "长江大桥北·桥北 方面",
  "upHint": "金牛湖·六合 方面"
}